"county","waterbody.name","wbic","year","site.seq.no","swims.station.id","station.name","waterbody.type","survey.seq.no","survey.begin.date","survey.end.date","survey.status","primary.survey.type","secondary.survey.type","visit.fish.seq.no","sample.date","gear","start.time","end.time","total.sample.time","total.sample.minutes","target.species","targetfish.code","secondary.target.species","secondary.targetfish.code","number.of.nets","hours.set","distance.shocked","distance.units","number.of.dippers","no.units.gear","average.droppers.per.probe","pulse.rate.percent","probe.no","probe.no.amt","amps","volts","current.type","deployment.depth","dipnet.bar.mesh.size","duty.cycle","run.number","run.type","type.of.pass","mean.stream.width.meters","water.clarity","water.clarity.feet.amt","water.level","water.temp","water.temp.units","discharge","discharge.units","ending.location","start.lat","start.long","end.lat","end.long","lat.long.datum","lat.method.type","field.person","spearers.anglers.amt","substation.name","weather.description","adverse.condition"
"dane","lake_wingra",805000,2001,122585,"10001210","lake wingra","LAKE",50696,2001-10-29,2001-10-29,"data_entry_complete_and_proofed","cpe",NA,483590,2001-10-29,"boom_shocker",1810,1825,NA,15,"panfish","Z97",NA,NA,NA,NA,0.3,"miles",2,1,NA,65,NA,NA,19,400,"DCP",NA,0.125,25,1,NA,"not_entire_shore",NA,"turbid",NA,NA,46,"F",NA,NA,NA,43.0553,-89.4267,NA,NA,27,"gps","MADISON AREA FISH MGMT",NA,"wingra panfish",NA,NA
"dane","lake_wingra",805000,2001,122585,"10001210","lake wingra","LAKE",50696,2001-10-29,2001-10-29,"data_entry_complete_and_proofed","cpe",NA,483591,2001-10-29,"boom_shocker",1810,2045,NA,140,"gamefish_species","Z95",NA,NA,NA,NA,3.5,"miles",2,1,NA,50,NA,NA,19,380,"DCP",NA,0.25,20,1,NA,"entire_shore",NA,"turbid",NA,NA,46,"F",NA,NA,NA,43.0553,-89.4267,NA,NA,27,"gps","MADISON AREA FISH MGMT",NA,"wingra gamefish",NA,NA
"dane","lake_wingra",805000,2001,122585,"10001210","lake wingra","LAKE",51084,2001-05-01,2001-05-01,"data_entry_complete_and_proofed","cpe",NA,484295,2001-05-01,"boom_shocker",2021,2036,NA,15,"panfish","Z97",NA,NA,NA,NA,0.3,"miles",2,1,NA,60,NA,NA,19,220,"DCP",NA,0.125,20,1,NA,"entire_shore",NA,"turbid",NA,"normal",60,"F",NA,NA,NA,43.0553,-89.4267,NA,NA,27,"gps","MADISON AREA FISH MGMT",NA,"panfish run",NA,NA
"dane","lake_wingra",805000,2001,122585,"10001210","lake wingra","LAKE",51084,2001-05-01,2001-05-01,"data_entry_complete_and_proofed","cpe",NA,484296,2001-05-01,"boom_shocker",2021,2223,NA,122,"gamefish_species","Z95",NA,NA,NA,NA,3.5,"miles",2,1,NA,60,NA,NA,19,220,"DCP",NA,0.125,20,1,NA,"entire_shore",NA,"turbid",NA,"normal",60,"F",NA,NA,NA,43.0553,-89.4267,NA,NA,27,"gps","MADISON AREA FISH MGMT",NA,"whole shore gamefish",NA,NA
"dane","lake_wingra",805000,2002,122585,"10001210","lake wingra","LAKE",51458,2002-04-10,2002-04-10,"data_entry_complete_and_proofed","cpe",NA,485011,2002-04-10,"boom_shocker",2027,2042,NA,15,"panfish","Z97",NA,NA,NA,NA,0.3,"miles",2,1,NA,60,NA,NA,19,260,"DCP",NA,0.25,20,1,NA,"not_entire_shore",NA,"turbid",NA,"normal",50,"F",NA,NA,NA,43.0549,-89.4264,NA,NA,27,"terrain navigator topo map","MADISON AREA FISH MGMT",NA,"lake wingra-panfish",NA,NA
"dane","lake_wingra",805000,2002,122585,"10001210","lake wingra","LAKE",51458,2002-04-10,2002-04-10,"data_entry_complete_and_proofed","cpe",NA,485013,2002-04-10,"boom_shocker",2027,2326,NA,150,"gamefish_species","Z95",NA,NA,NA,NA,3.5,"miles",2,1,NA,60,NA,NA,19,260,"DCP",NA,0.25,20,1,NA,"entire_shore",NA,"turbid",NA,"normal",50,"F",NA,NA,NA,43.0549,-89.4264,NA,NA,27,"terrain navigator topo map","MADISON AREA FISH MGMT",NA,"lake wingra-gamefish",NA,NA
"dane","lake_wingra",805000,2002,122585,"10001210","lake wingra","LAKE",51556,2002-10-16,2002-10-16,"data_entry_complete_and_proofed","cpe",NA,485188,2002-10-16,"boom_shocker",1857,1912,NA,15,"panfish","Z97",NA,NA,NA,NA,0.3,"miles",2,1,NA,60,NA,NA,20,300,"DCP",NA,0.125,20,1,NA,"entire_shore",NA,"turbid",NA,"normal",60,"F",NA,NA,NA,43.0553,-89.4267,NA,NA,27,"gps","MADISON AREA FISH MGMT",NA,"wingra panfish run",NA,NA
"dane","lake_wingra",805000,2002,122585,"10001210","lake wingra","LAKE",51556,2002-10-16,2002-10-16,"data_entry_complete_and_proofed","cpe",NA,485189,2002-10-16,"boom_shocker",1857,2110,NA,133,"gamefish_species","Z95",NA,NA,NA,NA,3.5,"miles",2,1,NA,60,NA,NA,20,300,"DCP",NA,0.125,20,1,NA,"entire_shore",NA,"turbid",NA,"normal",60,"F",NA,NA,NA,43.0553,-89.4267,NA,NA,27,"gps","MADISON AREA FISH MGMT",NA,"wingra gamefish",NA,NA
"dane","lake_wingra",805000,2003,122585,"10001210","lake wingra","LAKE",73968,2003-06-04,2003-06-04,"data_entry_complete_and_proofed","cpe",NA,487466,2003-06-04,"boom_shocker",2058,2113,NA,15,"panfish","Z97",NA,NA,NA,NA,0.3,"miles",2,1,NA,60,NA,NA,20,200,"DCP",NA,0.25,20,1,NA,"entire_shore",NA,"turbid",NA,"normal",69,"F",NA,NA,NA,43.0553,-89.4267,NA,NA,27,"gps","MADISON AREA FISH MGMT",NA,"panfish run",NA,NA
"dane","lake_wingra",805000,2003,122585,"10001210","lake wingra","LAKE",73968,2003-06-04,2003-06-04,"data_entry_complete_and_proofed","cpe",NA,487470,2003-06-04,"boom_shocker",2058,0,NA,62,"gamefish_species","Z95",NA,NA,NA,NA,3.5,"miles",2,1,NA,60,NA,NA,20,200,"DCP",NA,0.25,20,1,NA,"entire_shore",NA,"turbid",NA,"normal",69,"F",NA,NA,NA,43.0553,-89.4267,NA,NA,27,"gps","MADISON AREA FISH MGMT",NA,"whole lake",NA,NA
"dane","lake_wingra",805000,2003,122585,"10001210","lake wingra","LAKE",74008,2003-10-22,2003-10-22,"data_entry_complete_and_proofed","cpe",NA,487568,2003-10-22,"boom_shocker",2050,2105,NA,15,"panfish","Z97",NA,NA,NA,NA,0.3,"miles",2,1,NA,60,NA,NA,19,180,"DCP",NA,0.25,20,1,NA,"entire_shore",NA,"turbid",NA,"low",55,"F",NA,NA,NA,43.0553,-89.4567,NA,NA,27,"gps","MADISON AREA FISH MANAGEMENT",NA,"wingra panfish",NA,NA
"dane","lake_wingra",805000,2003,122585,"10001210","lake wingra","LAKE",74008,2003-10-22,2003-10-22,"data_entry_complete_and_proofed","cpe",NA,487570,2003-10-22,"boom_shocker",2050,2350,NA,180,"gamefish_species","Z95",NA,NA,NA,NA,3.5,"miles",2,1,NA,60,NA,NA,19,180,"DCP",NA,0.25,20,1,NA,"entire_shore",NA,"turbid",NA,"low",55,"F",NA,NA,NA,43.0553,-89.4267,NA,NA,27,"gps","MADISON AREA FISH MGMT",NA,"wingra gamefish",NA,"DENSE AQUATIC VEGETATION"
"dane","lake_wingra",805000,2004,122585,"10001210","lake wingra","LAKE",80178,2004-03-30,2004-06-02,"data_entry_complete_and_proofed","spe",NA,493403,2004-03-30,"fyke_net",800,NA,NA,NA,"gamefish_species","Z95","muskellunge","L03",6,24,NA,"miles",NA,NA,NA,NA,NA,NA,NA,NA,NA,NA,NA,NA,NA,"MARK",NA,NA,NA,NA,"normal",46,"F",NA,NA,NA,NA,NA,NA,NA,NA,NA,"MADISON AREA FISH MGMT",NA,NA,NA,NA
"dane","lake_wingra",805000,2004,122585,"10001210","lake wingra","LAKE",80178,2004-03-30,2004-06-02,"data_entry_complete_and_proofed","spe",NA,493412,2004-03-31,"fyke_net",800,NA,NA,NA,"gamefish_species","Z95","muskellunge","L03",6,24,NA,"miles",NA,NA,NA,NA,NA,NA,NA,NA,NA,NA,NA,NA,NA,"MARK",NA,NA,NA,NA,"normal",47,"F",NA,NA,NA,NA,NA,NA,NA,NA,NA,"MADISON AREA FISH MGMT",NA,NA,NA,NA
"dane","lake_wingra",805000,2004,122585,"10001210","lake wingra","LAKE",80178,2004-03-30,2004-06-02,"data_entry_complete_and_proofed","spe",NA,493413,2004-04-01,"fyke_net",800,NA,NA,NA,"gamefish_species","Z95","muskellunge","L03",6,24,NA,"miles",NA,NA,NA,NA,NA,NA,NA,NA,NA,NA,NA,NA,NA,"MARK",NA,NA,NA,NA,"normal",48,"F",NA,NA,NA,NA,NA,NA,NA,NA,NA,"MADISON AREA FISH MGMT",NA,NA,NA,NA
"dane","lake_wingra",805000,2004,122585,"10001210","lake wingra","LAKE",80178,2004-03-30,2004-06-02,"data_entry_complete_and_proofed","spe",NA,493416,2004-04-02,"fyke_net",800,NA,NA,NA,"gamefish_species","Z95","muskellunge","L03",6,24,NA,"miles",NA,NA,NA,NA,NA,NA,NA,NA,NA,NA,NA,NA,NA,"MARK",NA,NA,NA,NA,"normal",48,"F",NA,NA,NA,NA,NA,NA,NA,NA,NA,"MADISON AREA FISH MGMT",NA,NA,NA,NA
"dane","lake_wingra",805000,2004,122585,"10001210","lake wingra","LAKE",80178,2004-03-30,2004-06-02,"data_entry_complete_and_proofed","spe",NA,493418,2004-04-03,"fyke_net",800,NA,NA,NA,"gamefish_species","Z95","muskellunge","L03",6,24,NA,"miles",NA,NA,NA,NA,NA,NA,NA,NA,NA,NA,NA,NA,NA,"MARK",NA,NA,NA,NA,"normal",48,"F",NA,NA,NA,NA,NA,NA,NA,NA,NA,"MADISON AREA FISH MGMT",NA,NA,NA,NA
"dane","lake_wingra",805000,2004,122585,"10001210","lake wingra","LAKE",80178,2004-03-30,2004-06-02,"data_entry_complete_and_proofed","spe",NA,493419,2004-04-05,"fyke_net",800,NA,NA,NA,"gamefish_species","Z95","muskellunge","L03",6,48,NA,"miles",NA,NA,NA,NA,NA,NA,NA,NA,NA,NA,NA,NA,NA,"MARK",NA,NA,NA,NA,"normal",47,"F",NA,NA,NA,NA,NA,NA,NA,NA,NA,"MADISON AREA FISH MGMT",NA,NA,NA,NA
"dane","lake_wingra",805000,2004,122585,"10001210","lake wingra","LAKE",80178,2004-03-30,2004-06-02,"data_entry_complete_and_proofed","spe",NA,493423,2004-04-06,"fyke_net",800,NA,NA,NA,"gamefish_species","Z95","muskellunge","L03",6,24,NA,"miles",NA,NA,NA,NA,NA,NA,NA,NA,NA,NA,NA,NA,NA,"MARK",NA,NA,NA,NA,"normal",50,"F",NA,NA,NA,NA,NA,NA,NA,NA,NA,"MADISON AREA FISH MGMT",NA,NA,NA,NA
"dane","lake_wingra",805000,2004,122585,"10001210","lake wingra","LAKE",80178,2004-03-30,2004-06-02,"data_entry_complete_and_proofed","spe",NA,493426,2004-04-07,"fyke_net",800,NA,NA,NA,"gamefish_species","Z95","muskellunge","L03",6,24,NA,"miles",NA,NA,NA,NA,NA,NA,NA,NA,NA,NA,NA,NA,NA,"MARK",NA,NA,NA,NA,"normal",51,"F",NA,NA,NA,NA,NA,NA,NA,NA,NA,"MADISON AREA FISH MGMT",NA,NA,NA,NA
"dane","lake_wingra",805000,2004,122585,"10001210","lake wingra","LAKE",80178,2004-03-30,2004-06-02,"data_entry_complete_and_proofed","spe",NA,493605,2004-04-08,"fyke_net",800,NA,NA,NA,"gamefish_species","Z95","muskellunge","L03",6,24,NA,"miles",NA,NA,NA,NA,NA,NA,NA,NA,NA,NA,NA,NA,NA,"MARK",NA,NA,NA,NA,"normal",51,"F",NA,NA,NA,NA,NA,NA,NA,NA,NA,"MADISON AREA FISH MGMT",NA,NA,NA,NA
"dane","lake_wingra",805000,2004,122585,"10001210","lake wingra","LAKE",80178,2004-03-30,2004-06-02,"data_entry_complete_and_proofed","spe",NA,493606,2004-04-09,"fyke_net",800,NA,NA,NA,"gamefish_species","Z95","muskellunge","L03",6,24,NA,"miles",NA,NA,NA,NA,NA,NA,NA,NA,NA,NA,NA,NA,NA,"MARK",NA,NA,NA,NA,"normal",50,"F",NA,NA,NA,NA,NA,NA,NA,NA,NA,"MADISON AREA FISH MGMT",NA,NA,NA,NA
"dane","lake_wingra",805000,2004,122585,"10001210","lake wingra","LAKE",80178,2004-03-30,2004-06-02,"data_entry_complete_and_proofed","spe",NA,493609,2004-04-10,"fyke_net",800,NA,NA,NA,"gamefish_species","Z95","muskellunge","L03",6,24,NA,"miles",NA,NA,NA,NA,NA,NA,NA,NA,NA,NA,NA,NA,NA,"MARK",NA,NA,NA,NA,"normal",51,"F",NA,NA,NA,NA,NA,NA,NA,NA,NA,"MADISON AREA FISH MGMT",NA,NA,NA,NA
"dane","lake_wingra",805000,2004,122585,"10001210","lake wingra","LAKE",80178,2004-03-30,2004-06-02,"data_entry_complete_and_proofed","spe",NA,493610,2004-04-12,"fyke_net",800,NA,NA,NA,"gamefish_species","Z95","muskellunge","L03",6,48,NA,"miles",NA,NA,NA,NA,NA,NA,NA,NA,NA,NA,NA,NA,NA,"MARK",NA,NA,NA,NA,"normal",48,"F",NA,NA,NA,NA,NA,NA,NA,NA,NA,"MADISON AREA FISH MGMT",NA,NA,NA,NA
"dane","lake_wingra",805000,2004,122585,"10001210","lake wingra","LAKE",80178,2004-03-30,2004-06-02,"data_entry_complete_and_proofed","spe",NA,493611,2004-04-13,"fyke_net",800,NA,NA,NA,"gamefish_species","Z95","muskellunge","L03",6,24,NA,"miles",NA,NA,NA,NA,NA,NA,NA,NA,NA,NA,NA,NA,NA,"MARK",NA,NA,NA,NA,"normal",46,"F",NA,NA,NA,NA,NA,NA,NA,NA,NA,"MADISON AREA FISH MGMT",NA,NA,NA,NA
"dane","lake_wingra",805000,2004,122585,"10001210","lake wingra","LAKE",80178,2004-03-30,2004-06-02,"data_entry_complete_and_proofed","spe",NA,493612,2004-04-14,"fyke_net",800,NA,NA,NA,"gamefish_species","Z95","muskellunge","L03",6,24,NA,"miles",NA,NA,NA,NA,NA,NA,NA,NA,NA,NA,NA,NA,NA,"MARK",NA,NA,NA,NA,"normal",48,"F",NA,NA,NA,NA,NA,NA,NA,NA,NA,"MADISON AREA FISH MGMT",NA,NA,NA,NA
"dane","lake_wingra",805000,2004,122585,"10001210","lake wingra","LAKE",80178,2004-03-30,2004-06-02,"data_entry_complete_and_proofed","spe",NA,493613,2004-04-15,"fyke_net",800,NA,NA,NA,"gamefish_species","Z95","muskellunge","L03",6,24,NA,"miles",NA,NA,NA,NA,NA,NA,NA,NA,NA,NA,NA,NA,NA,"MARK",NA,NA,NA,NA,"normal",52,"F",NA,NA,NA,NA,NA,NA,NA,NA,NA,"MADISON AREA FISH MGMT",NA,NA,NA,NA
"dane","lake_wingra",805000,2004,122585,"10001210","lake wingra","LAKE",80178,2004-03-30,2004-06-02,"data_entry_complete_and_proofed","spe",NA,493614,2004-04-16,"fyke_net",800,NA,NA,NA,"gamefish_species","Z95","muskellunge","L03",6,24,NA,"miles",NA,NA,NA,NA,NA,NA,NA,NA,NA,NA,NA,NA,NA,"MARK",NA,NA,NA,NA,"normal",54,"F",NA,NA,NA,NA,NA,NA,NA,NA,NA,"MADISON AREA FISH MGMT",NA,NA,NA,NA
"dane","lake_wingra",805000,2004,122585,"10001210","lake wingra","LAKE",80178,2004-03-30,2004-06-02,"data_entry_complete_and_proofed","spe",NA,493615,2004-04-17,"fyke_net",800,NA,NA,NA,"gamefish_species","Z95","muskellunge","L03",6,24,NA,"miles",NA,NA,NA,NA,NA,NA,NA,NA,NA,NA,NA,NA,NA,"MARK",NA,NA,NA,NA,"normal",55,"F",NA,NA,NA,NA,NA,NA,NA,NA,NA,"MADISON AREA FISH MGMT",NA,NA,NA,NA
"dane","lake_wingra",805000,2004,122585,"10001210","lake wingra","LAKE",80178,2004-03-30,2004-06-02,"data_entry_complete_and_proofed","spe",NA,493616,2004-04-19,"fyke_net",800,NA,NA,NA,"gamefish_species","Z95","muskellunge","L03",6,48,NA,"miles",NA,NA,NA,NA,NA,NA,NA,NA,NA,NA,NA,NA,NA,"MARK",NA,NA,NA,NA,"normal",58,"F",NA,NA,NA,NA,NA,NA,NA,NA,NA,"MADISON AREA FISH MGMT",NA,NA,NA,NA
"dane","lake_wingra",805000,2004,122585,"10001210","lake wingra","LAKE",80178,2004-03-30,2004-06-02,"data_entry_complete_and_proofed","spe",NA,493617,2004-04-20,"fyke_net",800,NA,NA,NA,"gamefish_species","Z95","muskellunge","L03",6,24,NA,"miles",NA,NA,NA,NA,NA,NA,NA,NA,NA,NA,NA,NA,NA,"MARK",NA,NA,NA,NA,"normal",56,"F",NA,NA,NA,NA,NA,NA,NA,NA,NA,"MADISON AREA FISH MGMT",NA,NA,NA,NA
"dane","lake_wingra",805000,2004,122585,"10001210","lake wingra","LAKE",80178,2004-03-30,2004-06-02,"data_entry_complete_and_proofed","spe",NA,493618,2004-04-21,"fyke_net",800,NA,NA,NA,"gamefish_species","Z95","muskellunge","L03",6,24,NA,"miles",NA,NA,NA,NA,NA,NA,NA,NA,NA,NA,NA,NA,NA,"MARK",NA,NA,NA,NA,"normal",55,"F",NA,NA,NA,NA,NA,NA,NA,NA,NA,"MADISON AREA FISH MGMT",NA,NA,NA,NA
"dane","lake_wingra",805000,2004,122585,"10001210","lake wingra","LAKE",80178,2004-03-30,2004-06-02,"data_entry_complete_and_proofed","spe",NA,493619,2004-04-22,"fyke_net",800,NA,NA,NA,"gamefish_species","Z95","muskellunge","L03",6,24,NA,"miles",NA,NA,NA,NA,NA,NA,NA,NA,NA,NA,NA,NA,NA,"MARK",NA,NA,NA,NA,"normal",57,"F",NA,NA,NA,NA,NA,NA,NA,NA,NA,"MADISON AREA FISH MGMT",NA,NA,NA,NA
"dane","lake_wingra",805000,2004,122585,"10001210","lake wingra","LAKE",80178,2004-03-30,2004-06-02,"data_entry_complete_and_proofed","spe",NA,493620,2004-04-23,"fyke_net",800,NA,NA,NA,"gamefish_species","Z95","muskellunge","L03",6,24,NA,"miles",NA,NA,NA,NA,NA,NA,NA,NA,NA,NA,NA,NA,NA,"MARK",NA,NA,NA,NA,"normal",59,"F",NA,NA,NA,NA,NA,NA,NA,NA,NA,"MADISON AREA FISH MGMT",NA,NA,NA,NA
"dane","lake_wingra",805000,2004,122585,"10001210","lake wingra","LAKE",80178,2004-03-30,2004-06-02,"data_entry_complete_and_proofed","spe",NA,493621,2004-04-24,"fyke_net",800,NA,NA,NA,"gamefish_species","Z95","muskellunge","L03",6,24,NA,"miles",NA,NA,NA,NA,NA,NA,NA,NA,NA,NA,NA,NA,NA,"MARK",NA,NA,NA,NA,"normal",54,"F",NA,NA,NA,NA,NA,NA,NA,NA,NA,"MADISON AREA FISH MGMT",NA,NA,NA,NA
"dane","lake_wingra",805000,2004,122585,"10001210","lake wingra","LAKE",80178,2004-03-30,2004-06-02,"data_entry_complete_and_proofed","spe",NA,493622,2004-04-26,"fyke_net",800,NA,NA,NA,"gamefish_species","Z95","muskellunge","L03",6,48,NA,"miles",NA,NA,NA,NA,NA,NA,NA,NA,NA,NA,NA,NA,NA,"MARK",NA,NA,NA,NA,"normal",54,"F",NA,NA,NA,NA,NA,NA,NA,NA,NA,"MADISON AREA FISH MGMT",NA,NA,NA,NA
"dane","lake_wingra",805000,2004,122585,"10001210","lake wingra","LAKE",80178,2004-03-30,2004-06-02,"data_entry_complete_and_proofed","spe",NA,493623,2004-04-27,"fyke_net",800,NA,NA,NA,"gamefish_species","Z95","muskellunge","L03",6,24,NA,"miles",NA,NA,NA,NA,NA,NA,NA,NA,NA,NA,NA,NA,NA,"MARK",NA,NA,NA,NA,"normal",55,"F",NA,NA,NA,NA,NA,NA,NA,NA,NA,"MADISON AREA FISH MGMT",NA,NA,NA,NA
"dane","lake_wingra",805000,2004,122585,"10001210","lake wingra","LAKE",80178,2004-03-30,2004-06-02,"data_entry_complete_and_proofed","spe","cpe",493762,2004-04-14,"fyke_net",800,NA,NA,NA,"panfish","Z97",NA,NA,1,24,NA,"miles",NA,NA,NA,NA,NA,NA,NA,NA,NA,NA,NA,NA,NA,NA,NA,NA,NA,NA,"normal",48,"F",NA,NA,NA,NA,NA,NA,NA,NA,NA,"MADISON AREA FISH MGMT",NA,NA,NA,NA
"dane","lake_wingra",805000,2004,122585,"10001210","lake wingra","LAKE",80178,2004-03-30,2004-06-02,"data_entry_complete_and_proofed","spe","cpe",493773,2004-04-22,"fyke_net",800,NA,NA,NA,"panfish","Z97",NA,NA,2,24,NA,"miles",NA,NA,NA,NA,NA,NA,NA,NA,NA,NA,NA,NA,NA,NA,NA,NA,NA,NA,"normal",57,"F",NA,NA,NA,NA,NA,NA,NA,NA,NA,"MADISON AREA FISH MGMT",NA,NA,NA,NA
"dane","lake_wingra",805000,2004,122585,"10001210","lake wingra","LAKE",80178,2004-03-30,2004-06-02,"data_entry_complete_and_proofed","spe","cpe",493797,2004-04-26,"fyke_net",800,NA,NA,NA,"panfish","Z97",NA,NA,1,24,NA,"miles",NA,NA,NA,NA,NA,NA,NA,NA,NA,NA,NA,NA,NA,NA,NA,NA,NA,NA,"normal",54,"F",NA,NA,NA,NA,NA,NA,NA,NA,NA,"MADISON AREA FISH MGMT",NA,NA,NA,NA
"dane","lake_wingra",805000,2004,122585,"10001210","lake wingra","LAKE",80178,2004-03-30,2004-06-02,"data_entry_complete_and_proofed","cpe",NA,494008,2004-05-18,"boom_shocker",2105,2120,NA,15,"panfish","Z97",NA,NA,NA,NA,0.3,"miles",2,1,NA,60,NA,NA,17,180,"DCP",NA,0.25,20,NA,NA,"not_entire_shore",NA,"very_turbid",NA,"normal",63,"F",NA,NA,NA,43.0553,-89.4267,NA,NA,27,"gps","MADISON AREA FISH MGMT",NA,"wingra panfish",NA,NA
"dane","lake_wingra",805000,2004,122585,"10001210","lake wingra","LAKE",80178,2004-03-30,2004-06-02,"data_entry_complete_and_proofed","cpe","spe",494014,2004-05-18,"boom_shocker",2105,2340,NA,120,"gamefish_species","Z95","muskellunge","L03",NA,NA,3.5,"miles",2,1,NA,60,NA,NA,17,180,"DCP",NA,0.5,20,NA,"MARK","entire_shore",NA,"very_turbid",NA,"normal",63,"F",NA,NA,NA,43.0553,-89.4267,NA,NA,27,"gps","MADISON AREA FISH MGMT",NA,"wingra gamefish",NA,NA
"dane","lake_wingra",805000,2004,122585,"10001210","lake wingra","LAKE",80178,2004-03-30,2004-06-02,"data_entry_complete_and_proofed","cpe",NA,494051,2004-06-02,"boom_shocker",2105,2120,NA,15,"panfish","Z97",NA,NA,NA,NA,0.3,"miles",2,1,NA,60,NA,NA,19,170,"DCP",NA,0.25,20,NA,NA,"not_entire_shore",NA,"turbid",NA,"normal",69,"F",NA,NA,NA,43.0553,-89.4267,NA,NA,27,"gps","MADISON AREA FISH MGMT",NA,"wingra panfish",NA,NA
"dane","lake_wingra",805000,2004,122585,"10001210","lake wingra","LAKE",80178,2004-03-30,2004-06-02,"data_entry_complete_and_proofed","cpe","spe",494053,2004-06-02,"boom_shocker",2105,2330,NA,144,"gamefish_species","Z95",NA,NA,NA,NA,3.5,"miles",2,1,NA,60,NA,NA,19,170,"DCP",NA,0.5,20,1,"RECAPTURE","entire_shore",NA,"turbid",NA,"normal",69,"F",NA,NA,NA,43.0553,-89.4267,NA,NA,27,"gps","MADISON AREA FISH MGMT",NA,"wingra gamefish recap",NA,NA
"dane","lake_wingra",805000,2004,122585,"10001210","lake wingra","LAKE",81074,2004-08-10,2004-08-12,"data_entry_complete_and_proofed","cpe",NA,495373,2004-08-11,"mini_fyke_net",800,NA,NA,NA,"all_species","Z100",NA,NA,8,24,NA,"miles",NA,NA,NA,NA,NA,NA,NA,NA,NA,NA,NA,NA,NA,NA,NA,NA,NA,NA,"normal",66,"F",NA,NA,NA,NA,NA,NA,NA,NA,NA,"MADISON AREA FISH MGMT",NA,NA,NA,NA
"dane","lake_wingra",805000,2004,122585,"10001210","lake wingra","LAKE",81074,2004-08-10,2004-08-12,"data_entry_complete_and_proofed","cpe",NA,495386,2004-08-12,"mini_fyke_net",800,NA,NA,NA,"all_species","Z100",NA,NA,8,24,NA,"miles",NA,NA,NA,NA,NA,NA,NA,NA,NA,NA,NA,NA,NA,NA,NA,NA,NA,NA,"normal",63,"F",NA,NA,NA,NA,NA,NA,NA,NA,NA,"MADISON AREA FISH MGMT",NA,NA,NA,NA
"dane","lake_wingra",805000,2004,122585,"10001210","lake wingra","LAKE",81282,2004-10-04,2004-10-20,"data_entry_complete_and_proofed","cpe",NA,496065,2004-10-04,"boom_shocker",2003,2018,NA,15,"panfish","Z97",NA,NA,NA,NA,0.3,"miles",2,1,NA,60,NA,NA,13,130,"DCP",NA,0.25,20,NA,NA,"not_entire_shore",NA,"clear",NA,"normal",57,"F",NA,NA,NA,43.0553,-89.4267,NA,NA,27,"gps","MADISON AREA FISH MGMT",NA,"wingra panfish",NA,NA
"dane","lake_wingra",805000,2004,122585,"10001210","lake wingra","LAKE",81282,2004-10-04,2004-10-20,"data_entry_complete_and_proofed","cpe",NA,496071,2004-10-04,"boom_shocker",2003,2255,NA,130,"gamefish_species","Z95",NA,NA,NA,NA,3.5,"miles",2,1,NA,60,NA,NA,13,130,"DCP",NA,0.5,20,NA,NA,"entire_shore",NA,"clear",NA,"normal",57,"F",NA,NA,NA,43.0553,-89.4267,NA,NA,27,"gps","MADISON AREA FISH MGMT",NA,"wingra gamefish",NA,NA
"dane","lake_wingra",805000,2004,122585,"10001210","lake wingra","LAKE",81282,2004-10-04,2004-10-20,"data_entry_complete_and_proofed","cpe",NA,496077,2004-10-20,"boom_shocker",1910,2130,NA,115,"gamefish_species","Z95",NA,NA,NA,NA,3.5,"miles",2,1,NA,60,NA,NA,20,250,"DCP",NA,0.5,20,NA,NA,"entire_shore",NA,"turbid",NA,"normal",50,"F",NA,NA,NA,43.0553,-89.4267,NA,NA,27,"gps","MADISON AREA FISH MGMT",NA,"wingra gamefish",NA,NA
"dane","lake_wingra",805000,2005,122585,"10001210","lake wingra","LAKE",82543,2005-08-29,2005-08-31,"data_entry_complete_and_proofed","cpe",NA,499065,2005-08-30,"mini_fyke_net",NA,NA,NA,NA,"all_species","Z100",NA,NA,6,24,NA,"miles",NA,NA,NA,NA,NA,NA,NA,NA,NA,NA,NA,NA,NA,NA,NA,NA,NA,NA,NA,74,"F",NA,NA,NA,NA,NA,NA,NA,NA,NA,"SCOTT HARPOLD & RYAN KURTZ",NA,NA,NA,NA
"dane","lake_wingra",805000,2005,122585,"10001210","lake wingra","LAKE",82543,2005-08-29,2005-08-31,"data_entry_complete_and_proofed","cpe",NA,499073,2005-08-31,"mini_fyke_net",NA,NA,NA,NA,"all_species","Z100",NA,NA,6,24,NA,"miles",NA,NA,NA,NA,NA,NA,NA,NA,NA,NA,NA,NA,NA,NA,NA,NA,NA,NA,NA,74,"F",NA,NA,NA,NA,NA,NA,NA,NA,NA,"SCOTT HARPOLD & RYAN KURTZ",NA,NA,NA,NA
"dane","lake_wingra",805000,2005,122585,"10001210","lake wingra","LAKE",82669,2005-04-04,2005-04-15,"data_entry_complete_and_proofed","spe",NA,499364,2005-04-05,"fyke_net",830,1335,NA,NA,"muskellunge","L03",NA,NA,6,24,NA,"miles",NA,NA,NA,NA,NA,NA,NA,NA,NA,NA,NA,NA,1,"BOTH",NA,NA,NA,NA,NA,44,"F",NA,NA,NA,NA,NA,NA,NA,NA,NA,"SCOTT HARPOLD AND DICK BRANDT",NA,NA,"no precip, cool, wind, sunny",NA
"dane","lake_wingra",805000,2005,122585,"10001210","lake wingra","LAKE",82690,2005-10-03,2005-10-04,"data_entry_complete_and_proofed","cpe",NA,499413,2005-10-03,"boom_shocker",1940,2235,NA,145,"gamefish_species","Z95",NA,NA,NA,NA,3.5,"miles",2,1,NA,NA,NA,NA,18,125,"DC",NA,0.375,NA,NA,NA,"entire_shore",NA,"turbid",NA,NA,69,"F",NA,NA,NA,43.0553,-89.4267,NA,NA,27,"terrain navigator topo map","MADISON AREA FISH MGMT.",NA,"wingra gamefish",NA,NA
"dane","lake_wingra",805000,2005,122585,"10001210","lake wingra","LAKE",82669,2005-04-04,2005-04-15,"data_entry_complete_and_proofed","spe",NA,499415,2005-04-06,"fyke_net",830,1025,NA,NA,"muskellunge","L03",NA,NA,6,24,NA,"miles",NA,NA,NA,NA,NA,NA,NA,NA,NA,NA,NA,NA,1,"BOTH",NA,NA,NA,NA,NA,46,"F",NA,NA,NA,NA,NA,NA,NA,NA,NA,"MAD AREA FISH EAST MGMT",NA,NA,"no precip, cool, wind, sunny",NA
"dane","lake_wingra",805000,2005,122585,"10001210","lake wingra","LAKE",82690,2005-10-03,2005-10-04,"data_entry_complete_and_proofed","cpe",NA,499416,2005-10-03,"boom_shocker",1940,1955,NA,15,"all_species","Z100",NA,NA,NA,NA,0.3,"miles",2,1,NA,NA,NA,NA,18,125,"DC",NA,0.375,NA,NA,NA,"entire_shore",NA,"turbid",NA,NA,69,"F",NA,NA,NA,43.0553,-89.4267,NA,NA,27,"terrain navigator topo map","MADISON AREA FISH MGMT.",NA,"wingra panfish",NA,NA
"dane","lake_wingra",805000,2005,122585,"10001210","lake wingra","LAKE",82690,2005-10-03,2005-10-04,"data_entry_complete_and_proofed","cpe",NA,499459,2005-10-04,"boom_shocker",1920,2210,NA,145,"gamefish_species","Z95",NA,NA,NA,NA,3.5,"miles",2,1,NA,NA,NA,NA,20,160,"DC",NA,0.375,NA,NA,NA,"entire_shore",NA,"turbid",NA,NA,73,"F",NA,NA,NA,43.0553,-89.4267,NA,NA,27,"terrain navigator topo map","MADISON AREA FISH MGMT.",NA,"wingra gamefish","no precip, hot, clear",NA
"dane","lake_wingra",805000,2005,122585,"10001210","lake wingra","LAKE",82690,2005-10-03,2005-10-04,"data_entry_complete_and_proofed","cpe",NA,499461,2005-10-04,"boom_shocker",1957,2012,NA,15,"all_species","Z100",NA,NA,NA,NA,0.3,"miles",2,1,NA,NA,NA,NA,18,140,"DC",NA,0.375,NA,NA,NA,"entire_shore",NA,"turbid",NA,NA,73,"F",NA,NA,NA,NA,NA,NA,NA,27,"terrain navigator topo map","MADISON AREA FISH MGMT.",NA,"wingra panfish","no precip, hot, clear",NA
"dane","lake_wingra",805000,2005,122585,"10001210","lake wingra","LAKE",82669,2005-04-04,2005-04-15,"data_entry_complete_and_proofed","spe",NA,499472,2005-04-07,"fyke_net",900,1200,NA,NA,"muskellunge","L03",NA,NA,6,24,NA,"miles",NA,NA,NA,NA,NA,NA,NA,NA,NA,NA,NA,NA,1,"BOTH",NA,NA,NA,NA,NA,50,"F",NA,NA,NA,NA,NA,NA,NA,NA,NA,"MAD AREA FISH EAST MGMT",NA,NA,"light rain, cool, wind",NA
"dane","lake_wingra",805000,2005,122585,"10001210","lake wingra","LAKE",82669,2005-04-04,2005-04-15,"data_entry_complete_and_proofed","spe",NA,499533,2005-04-08,"fyke_net",855,1145,NA,NA,"muskellunge","L03",NA,NA,6,24,NA,"miles",NA,NA,NA,NA,NA,NA,NA,NA,NA,NA,NA,NA,1,"BOTH",NA,NA,NA,NA,NA,50,"F",NA,NA,NA,NA,NA,NA,NA,NA,NA,"MADISON AREA FISH EAST MGMT",NA,NA,"no precip, cool, wind, sunny",NA
"dane","lake_wingra",805000,2005,122585,"10001210","lake wingra","LAKE",82669,2005-04-04,2005-04-15,"data_entry_complete_and_proofed","spe",NA,499538,2005-04-09,"fyke_net",830,1200,NA,NA,"muskellunge","L03",NA,NA,6,24,NA,"miles",NA,NA,NA,NA,NA,NA,NA,NA,NA,NA,NA,NA,1,"BOTH",NA,NA,NA,NA,NA,52,"F",NA,NA,NA,NA,NA,NA,NA,NA,NA,"MADISON AREA FISH EAST MGMT",NA,NA,"no precip, cool, wind, sunny",NA
"dane","lake_wingra",805000,2005,122585,"10001210","lake wingra","LAKE",82669,2005-04-04,2005-04-15,"data_entry_complete_and_proofed","spe",NA,499539,2005-04-10,"fyke_net",800,1100,NA,NA,"muskellunge","L03",NA,NA,6,24,NA,"miles",NA,NA,NA,NA,NA,NA,NA,NA,NA,NA,NA,NA,1,"BOTH",NA,NA,NA,NA,NA,56,"F",NA,NA,NA,NA,NA,NA,NA,NA,NA,"MADISON AREA FISH EAST MGMT",NA,NA,"no precip, cool, partly cloudy",NA
"dane","lake_wingra",805000,2005,122585,"10001210","lake wingra","LAKE",82669,2005-04-04,2005-04-15,"data_entry_complete_and_proofed","spe",NA,499645,2005-04-11,"fyke_net",900,1130,NA,NA,"muskellunge","L03",NA,NA,6,24,NA,"miles",NA,NA,NA,NA,NA,NA,NA,NA,NA,NA,NA,NA,1,"BOTH",NA,NA,NA,NA,NA,56,"F",NA,NA,NA,NA,NA,NA,NA,NA,NA,"MADISON AREA FISH EAST MGMT",NA,NA,NA,NA
"dane","lake_wingra",805000,2005,122585,"10001210","lake wingra","LAKE",82669,2005-04-04,2005-04-15,"data_entry_complete_and_proofed","spe",NA,499646,2005-04-12,"fyke_net",900,100,NA,NA,"muskellunge","L03",NA,NA,6,24,NA,"miles",NA,NA,NA,NA,NA,NA,NA,NA,NA,NA,NA,NA,1,"BOTH",NA,NA,NA,NA,NA,56,"F",NA,NA,NA,NA,NA,NA,NA,NA,NA,"MAD AREA FISH EAST MGMT",NA,NA,NA,NA
"dane","lake_wingra",805000,2005,122585,"10001210","lake wingra","LAKE",82669,2005-04-04,2005-04-15,"data_entry_complete_and_proofed","spe",NA,499647,2005-04-13,"fyke_net",900,1100,NA,NA,"muskellunge","L03",NA,NA,6,24,NA,"miles",NA,NA,NA,NA,NA,NA,NA,NA,NA,NA,NA,NA,1,"BOTH",NA,NA,NA,NA,NA,56,"F",NA,NA,NA,NA,NA,NA,NA,NA,NA,"MAD AREA FISH EAST MGMT",NA,NA,NA,NA
"dane","lake_wingra",805000,2005,122585,"10001210","lake wingra","LAKE",82669,2005-04-04,2005-04-15,"data_entry_complete_and_proofed","spe",NA,499648,2005-04-14,"fyke_net",900,1145,NA,NA,"muskellunge","L03",NA,NA,6,24,NA,"miles",NA,NA,NA,NA,NA,NA,NA,NA,NA,NA,NA,NA,1,"BOTH",NA,NA,NA,NA,NA,58,"F",NA,NA,NA,NA,NA,NA,NA,NA,NA,"MAD AREA FISH EAST MGMT",NA,NA,NA,NA
"dane","lake_wingra",805000,1997,122585,"10001210","lake wingra","LAKE",86888,1997-09-15,1997-09-16,"historical_data_load_status_unknown","spe",NA,504184,1997-09-16,"mini_fyke_net",1030,1045,NA,NA,"all_species","Z100",NA,NA,4,24,NA,"miles",NA,NA,NA,NA,NA,NA,NA,NA,NA,NA,NA,NA,NA,NA,NA,NA,NA,NA,"normal",71,"F",NA,NA,NA,NA,NA,NA,NA,NA,NA,"RS, GG",NA,NA,"light rain, warm","DENSE AQUATIC VEGETATION"
"dane","lake_wingra",805000,1995,122585,"10001210","lake wingra","LAKE",86887,1995-05-30,1995-05-30,"historical_data_load_status_unknown","cpe",NA,504966,1995-05-30,"boom_shocker",2126,2339,NA,133,"gamefish_species","Z95",NA,NA,NA,NA,NA,"miles",2,NA,NA,100,NA,NA,15,204,"DC",NA,0.75,40,NA,"MARK","not_entire_shore",NA,NA,NA,NA,NA,NA,NA,NA,NA,NA,NA,NA,NA,NA,NA,"GG",NA,"x",NA,NA
"dane","lake_wingra",805000,1997,122585,"10001210","lake wingra","LAKE",86889,1997-09-22,1997-09-22,"data_entry_complete_and_proofed","spe",NA,504967,1997-09-22,"boom_shocker",2017,2254,NA,157,"gamefish_species","Z95",NA,NA,NA,NA,3.5,"miles",2,NA,NA,50,NA,NA,21,334,"DCP",NA,0.25,25,NA,"MARK","entire_shore",NA,NA,1.5,"low",65,"F",NA,NA,NA,NA,NA,NA,NA,NA,NA,"MV, GG",NA,"entire shore except lagoons","heavy rain, cool","DENSE AQUATIC VEGETATION"
"dane","lake_wingra",805000,1999,122585,"10001210","lake wingra","LAKE",86890,1999-10-06,1999-10-06,"historical_data_load_status_unknown","cpe",NA,504968,1999-10-06,"boom_shocker",1920,2130,NA,130,"gamefish_species","Z95",NA,NA,NA,NA,NA,"miles",2,NA,NA,60,NA,NA,20.3,465,"DC",NA,0.38,25,NA,"MARK","entire_shore",NA,NA,NA,NA,58,"F",NA,NA,NA,NA,NA,NA,NA,NA,NA,"DB    JH,RS",NA,"1",NA,NA
"dane","lake_wingra",805000,2000,122585,"10001210","lake wingra","LAKE",86891,2000-05-16,2000-05-16,"historical_data_load_status_unknown","cpe",NA,504969,2000-05-16,"boom_shocker",2029,2230,NA,121,"gamefish_species","Z95",NA,NA,NA,NA,NA,"miles",2,NA,NA,60,NA,NA,20.9,270,"DCP",NA,NA,20,NA,"MARK","entire_shore",NA,NA,NA,NA,63,"F",NA,NA,NA,NA,NA,NA,NA,NA,NA,"RS-SS-JMH-JLH",NA,"wingra lake","no precip, warm, clear",NA
"dane","lake_wingra",805000,1995,122585,"10001210","lake wingra","LAKE",86737,1995-10-19,1995-10-19,"historical_data_load_status_unknown","cpe",NA,505162,1995-10-19,"boom_shocker",1922,2146,NA,144,"gamefish_species","Z95",NA,NA,NA,NA,NA,"miles",2,NA,NA,100,NA,NA,23,400,"DC",NA,0.75,60,NA,"RECAPTURE","entire_shore",NA,NA,NA,NA,56,"F",NA,NA,NA,NA,NA,NA,NA,NA,NA,"GG",NA,"x","light rain, cool, wind",NA
"dane","lake_wingra",805000,1997,122585,"10001210","lake wingra","LAKE",86738,1997-10-14,1997-10-14,"data_entry_complete_and_proofed","spe",NA,505163,1997-10-14,"boom_shocker",1946,2105,NA,119,"gamefish_species","Z95",NA,NA,NA,NA,3,"miles",2,NA,NA,60,NA,NA,24,400,"DCP",NA,0.25,25,1,"RECAPTURE","not_entire_shore",NA,NA,2,"low",58,"F",NA,NA,NA,NA,NA,NA,NA,NA,NA,"RS, GG",NA,"1","no precip, cold, clear","DENSE AQUATIC VEGETATION"
"dane","lake_wingra",805000,1997,122585,"10001210","lake wingra","LAKE",86738,1997-10-14,1997-10-14,"data_entry_complete_and_proofed","cpe",NA,505164,1997-10-14,"boom_shocker",1946,2001,NA,15,"all_species","Z100",NA,NA,NA,NA,0.632954545454545,"miles",2,NA,NA,60,NA,NA,24,400,"DCP",NA,0.25,25,NA,NA,"not_entire_shore",NA,NA,2,"low",58,"F",NA,NA,NA,NA,NA,NA,NA,NA,NA,"RS, GG",NA,"1a","no precip, cold, clear","DENSE AQUATIC VEGETATION"
"dane","lake_wingra",805000,2006,122585,"10001210","lake wingra","LAKE",92807,2006-08-07,2006-09-25,"data_entry_complete_and_proofed","cpe",NA,512833,2006-09-25,"boom_shocker",1915,1930,NA,15,"all_species","Z100",NA,NA,NA,NA,0.3,"miles",2,1,NA,60,NA,NA,17.9,200,"DCP",NA,0.375,25,NA,NA,"entire_shore",NA,NA,NA,NA,62,"F",NA,NA,NA,NA,NA,NA,NA,NA,NA,"SH, MT, DA",NA,"panfish",NA,NA
"dane","lake_wingra",805000,2006,122585,"10001210","lake wingra","LAKE",92807,2006-08-07,2006-09-25,"data_entry_complete_and_proofed","cpe",NA,512834,2006-09-25,"boom_shocker",1955,2155,NA,85,"gamefish_species","Z95",NA,NA,NA,NA,3,"miles",2,1,NA,60,NA,NA,17.9,200,"DCP",NA,0.375,25,NA,NA,"entire_shore",NA,"turbid",NA,NA,62,"F",NA,NA,NA,NA,NA,NA,NA,NA,NA,"SH, MT, DA",NA,"gamefish",NA,NA
"dane","lake_wingra",805000,2006,122585,"10001210","lake wingra","LAKE",93009,2006-05-01,2006-05-01,"data_entry_complete_and_proofed","cpe",NA,513038,2006-05-01,"boom_shocker",1945,2000,NA,15,"all_species","Z100",NA,NA,NA,NA,0.3,"miles",2,1,NA,60,NA,NA,12.5,135,"DCP",NA,0.375,20,NA,NA,"not_entire_shore",NA,"clear",NA,NA,57,"F",NA,NA,NA,NA,NA,NA,NA,27,"gps","SCOTT HARPOLD, MARK TERRILL, RYAN KURTZ",NA,"panfish run",NA,NA
"dane","lake_wingra",805000,2006,122585,"10001210","lake wingra","LAKE",93009,2006-05-01,2006-05-01,"data_entry_complete_and_proofed","cpe",NA,513053,2006-05-01,"boom_shocker",2015,2325,NA,65,"gamefish_species","Z95",NA,NA,NA,NA,3.19,"miles",2,1,NA,60,NA,NA,12.5,135,"DCP",NA,0.375,20,NA,NA,"not_entire_shore",NA,"clear",NA,NA,58,"F",NA,NA,NA,NA,NA,NA,NA,27,"gps","SCOTT HARPOLD, RYAN KURTZ, MARK TERRILL",NA,"gamefish run",NA,NA
"dane","lake_wingra",805000,2006,122585,"10001210","lake wingra","LAKE",94128,2006-08-07,2006-08-08,"data_entry_complete_and_proofed","cpe",NA,513774,2006-08-08,"mini_fyke_net_with_turtle_exclusion",845,1015,NA,NA,"all_species","Z100",NA,NA,6,24,NA,"miles",NA,NA,NA,NA,NA,NA,NA,NA,NA,NA,NA,NA,NA,NA,NA,NA,NA,NA,NA,NA,NA,NA,NA,NA,NA,NA,NA,NA,NA,NA,"MADAFM",NA,NA,NA,NA
"dane","lake_wingra",805000,2007,122585,"10001210","lake wingra","LAKE",97548,2007-05-01,2007-05-01,"data_entry_complete_and_proofed","cpe",NA,581916,2007-05-01,"boom_shocker",2010,NA,NA,15,"all_species","Z100",NA,NA,NA,NA,0.5,"miles",2,1,NA,60,NA,NA,17,190,"DCP",NA,0.125,25,1,NA,"entire_shore",NA,NA,NA,NA,62,"F",NA,NA,NA,NA,NA,NA,NA,NA,NA,"MARK TERRILL, SCOTT HARPOLD, DANI ANHOLZER",NA,"lake wingra panfish run",NA,NA
"dane","lake_wingra",805000,2007,122585,"10001210","lake wingra","LAKE",97548,2007-05-01,2007-05-01,"data_entry_complete_and_proofed","cpe",NA,581917,2007-05-01,"boom_shocker",2040,NA,NA,82,"gamefish_species","Z95",NA,NA,NA,NA,3.2,"miles",2,1,NA,60,NA,NA,19,220,"DCP",NA,0.125,25,1,NA,"not_entire_shore",NA,NA,NA,NA,62,"F",NA,NA,NA,NA,NA,NA,NA,NA,NA,"MARK TERRILL, SCOTT HARPOLD, DANI ANHOLZER",NA,"lake wingra gamefish",NA,NA
"dane","lake_wingra",805000,2007,122585,"10001210","lake wingra","LAKE",97685,2007-10-15,2007-10-15,"data_entry_complete_and_proofed","cpe",NA,582259,2007-10-15,"boom_shocker",1900,1920,NA,20,"all_species","Z100",NA,NA,NA,NA,0.38,"miles",2,1,NA,60,NA,NA,13,170,"DCP",NA,0.125,25,1,NA,"not_entire_shore",NA,"turbid",NA,NA,59,"F",NA,NA,NA,NA,NA,NA,NA,NA,NA,"SCOTT HARPOLD, KURT WELKE, RACHEL PIECHENZA",NA,"panfish run",NA,NA
"dane","lake_wingra",805000,2007,122585,"10001210","lake wingra","LAKE",97685,2007-10-15,2007-10-15,"data_entry_complete_and_proofed","cpe",NA,582261,2007-10-15,"boom_shocker",2000,NA,NA,94,"gamefish_species","Z95",NA,NA,NA,NA,3.23,"miles",2,1,NA,60,NA,NA,15.2,154,"DCP",NA,0.125,25,1,NA,"not_entire_shore",NA,"turbid",NA,NA,58,"F",NA,NA,NA,NA,NA,NA,NA,NA,NA,"SCOTT HARPOLD, KURT WELKE, RACHEL PIACHENZA",NA,"game fish run",NA,NA
"dane","lake_wingra",805000,2009,122585,"10001210","lake wingra","LAKE",30953424,2009-10-13,2009-10-13,"data_entry_complete_and_proofed","cpe",NA,619937,2009-10-13,"boom_shocker",1800,NA,NA,16,"all_species","Z100",NA,NA,NA,NA,0.345482393939394,"miles",2,1,NA,NA,NA,2,19,290,"DC",NA,0.375,NA,NA,NA,"entire_shore",NA,NA,NA,NA,48,"F",NA,NA,NA,NA,NA,NA,NA,NA,NA,"HARPOLD",NA,NA,NA,NA
"dane","lake_wingra",805000,2009,122585,"10001210","lake wingra","LAKE",30953424,2009-10-13,2009-10-13,"data_entry_complete_and_proofed","cpe",NA,619938,2009-10-13,"boom_shocker",1900,NA,NA,99,"muskellunge","L03","basses","W01",NA,NA,2.9,"miles",2,1,NA,NA,NA,2,18,240,"DC",NA,0.375,NA,NA,NA,"entire_shore",NA,NA,NA,NA,48,"F",NA,NA,NA,43.05664,-89.41991,43.0579,-89.4132,84,"garmin","HARPOLD",NA,NA,NA,NA
"dane","lake_wingra",805000,1945,122585,"10001210","lake wingra","LAKE",41709683,1945-06-14,1945-06-16,"data_entry_complete_and_proofed","cpe",NA,662231,1945-06-14,"fyke_net",1000,NA,NA,NA,"all_species","Z100",NA,NA,2,48,NA,"miles",NA,NA,NA,NA,NA,NA,NA,NA,NA,NA,NA,NA,NA,NA,NA,NA,NA,NA,NA,NA,NA,NA,NA,NA,NA,NA,NA,NA,NA,NA,"MADAFM",NA,NA,NA,NA
"dane","lake_wingra",805000,1953,122585,"10001210","lake wingra","LAKE",41709684,1953-11-12,1953-11-17,"historical_data_load_status_unknown","cpe",NA,662232,1953-11-12,"nets",NA,NA,NA,NA,"common_carp","M12",NA,NA,NA,NA,NA,"miles",NA,NA,NA,NA,NA,NA,NA,NA,NA,NA,NA,NA,NA,NA,NA,NA,NA,NA,NA,NA,NA,NA,NA,NA,NA,NA,NA,NA,NA,NA,NA,NA,NA,NA,NA
"dane","lake_wingra",805000,1953,122585,"10001210","lake wingra","LAKE",41709684,1953-11-12,1953-11-17,"historical_data_load_status_unknown","cpe",NA,662233,1953-11-17,"nets",NA,NA,NA,NA,"common_carp","M12",NA,NA,NA,NA,NA,"miles",NA,NA,NA,NA,NA,NA,NA,NA,NA,NA,NA,NA,NA,NA,NA,NA,NA,NA,NA,NA,NA,NA,NA,NA,NA,NA,NA,NA,NA,NA,NA,NA,NA,NA,NA
"dane","lake_wingra",805000,1971,122585,"10001210","lake wingra","LAKE",41709685,1971-06-24,1971-06-24,"historical_data_load_status_unknown","cpe",NA,662234,1971-06-24,"boom_shocker",NA,NA,NA,NA,NA,NA,NA,NA,NA,NA,NA,"miles",NA,NA,NA,NA,NA,NA,NA,230,"DC",NA,NA,NA,NA,NA,NA,NA,NA,NA,NA,NA,NA,NA,NA,NA,NA,NA,NA,NA,NA,NA,NA,NA,NA,NA,NA
"dane","lake_wingra",805000,1979,122585,"10001210","lake wingra","LAKE",41709686,1979-08-30,1979-08-30,"historical_data_load_status_unknown","cpe",NA,662235,1979-08-30,"seine",NA,NA,NA,NA,NA,NA,NA,NA,NA,NA,NA,"miles",NA,NA,NA,NA,NA,NA,NA,NA,NA,NA,NA,NA,NA,NA,NA,NA,NA,NA,NA,NA,NA,NA,NA,NA,NA,NA,NA,NA,NA,NA,NA,NA,NA,NA,NA
"dane","lake_wingra",805000,1980,122585,"10001210","lake wingra","LAKE",41709687,1980-10-09,1980-10-09,"historical_data_load_status_unknown","cpe",NA,662236,1980-10-09,"seine",NA,NA,NA,NA,NA,NA,NA,NA,1,3,NA,"miles",NA,NA,NA,NA,NA,NA,NA,NA,NA,4,NA,NA,NA,NA,NA,NA,NA,NA,NA,NA,NA,NA,NA,NA,NA,NA,NA,NA,NA,NA,NA,NA,NA,NA,NA
"dane","lake_wingra",805000,1980,122585,"10001210","lake wingra","LAKE",41709687,1980-10-09,1980-10-09,"historical_data_load_status_unknown","cpe",NA,662237,1980-10-09,"seine",NA,NA,NA,NA,NA,NA,NA,NA,1,3,NA,"miles",NA,NA,NA,NA,NA,NA,NA,NA,NA,4,NA,NA,NA,NA,NA,NA,NA,NA,NA,NA,NA,NA,NA,NA,NA,NA,NA,NA,NA,NA,NA,NA,NA,NA,NA
"dane","lake_wingra",805000,1980,122585,"10001210","lake wingra","LAKE",41709687,1980-10-09,1980-10-09,"historical_data_load_status_unknown","cpe",NA,662238,1980-10-09,"seine",NA,NA,NA,NA,NA,NA,NA,NA,1,3,NA,"miles",NA,NA,NA,NA,NA,NA,NA,NA,NA,4,NA,NA,NA,NA,NA,NA,NA,NA,NA,NA,NA,NA,NA,NA,NA,NA,NA,NA,NA,NA,NA,NA,NA,NA,NA
"dane","lake_wingra",805000,1980,122585,"10001210","lake wingra","LAKE",41709687,1980-10-09,1980-10-09,"historical_data_load_status_unknown","cpe",NA,662239,1980-10-09,"seine",NA,NA,NA,NA,NA,NA,NA,NA,1,3,NA,"miles",NA,NA,NA,NA,NA,NA,NA,NA,NA,4,NA,NA,NA,NA,NA,NA,NA,NA,NA,NA,NA,NA,NA,NA,NA,NA,NA,NA,NA,NA,NA,NA,NA,NA,NA
"dane","lake_wingra",805000,1980,122585,"10001210","lake wingra","LAKE",41709687,1980-10-09,1980-10-09,"historical_data_load_status_unknown","cpe",NA,662240,1980-10-09,"seine",NA,NA,NA,NA,NA,NA,NA,NA,1,3,NA,"miles",NA,NA,NA,NA,NA,NA,NA,NA,NA,4,NA,NA,NA,NA,NA,NA,NA,NA,NA,NA,NA,NA,NA,NA,NA,NA,NA,NA,NA,NA,NA,NA,NA,NA,NA
"dane","lake_wingra",805000,1981,122585,"10001210","lake wingra","LAKE",41709688,1981-09-21,1981-09-21,"data_entry_complete_and_proofed","cpe",NA,662241,1981-09-21,"boom_shocker",1900,NA,NA,120,"all_species","Z100",NA,NA,NA,NA,3,"miles",NA,NA,NA,NA,NA,NA,NA,NA,"DC",NA,NA,NA,NA,NA,"not_entire_shore",NA,NA,NA,NA,60,"F",NA,NA,NA,NA,NA,NA,NA,NA,NA,"MADAFM",NA,NA,NA,NA
"dane","lake_wingra",805000,1982,122585,"10001210","lake wingra","LAKE",41709689,1982-09-22,1982-09-22,"data_entry_complete_and_proofed","cpe",NA,662242,1982-09-22,"boom_shocker",1900,NA,NA,120,"all_species","Z100",NA,NA,NA,NA,3,"miles",NA,NA,NA,NA,NA,NA,NA,NA,"DC",NA,NA,NA,NA,NA,"not_entire_shore",NA,NA,NA,NA,NA,NA,NA,NA,NA,NA,NA,NA,NA,NA,NA,"MADAFM",NA,NA,NA,NA
"dane","lake_wingra",805000,1983,122585,"10001210","lake wingra","LAKE",41709690,1983-09-27,1983-09-27,"data_entry_complete_and_proofed","cpe",NA,662243,1983-09-27,"boom_shocker",1830,2340,NA,120,"all_species","Z100",NA,NA,NA,NA,3,"miles",NA,NA,NA,NA,NA,NA,NA,NA,"DC",NA,NA,NA,NA,NA,"entire_shore",NA,NA,NA,NA,NA,NA,NA,NA,NA,NA,NA,NA,NA,NA,NA,"MADAFM",NA,NA,NA,NA
"dane","lake_wingra",805000,1984,122585,"10001210","lake wingra","LAKE",41709691,1984-10-24,1984-10-24,"data_entry_complete_and_proofed","cpe",NA,662244,1984-10-24,"boom_shocker",1830,2300,NA,120,"all_species","Z100",NA,NA,NA,NA,3,"miles",NA,NA,NA,NA,NA,NA,NA,NA,"DC",NA,NA,NA,NA,NA,"not_entire_shore",NA,NA,NA,NA,49,"F",NA,NA,NA,NA,NA,NA,NA,NA,NA,"RYAN & DAVIS",NA,NA,NA,NA
"dane","lake_wingra",805000,2011,122585,"10001210","lake wingra","LAKE",204025215,2011-09-21,2011-09-21,"data_entry_complete_and_proofed","cpe",NA,694895,2011-09-21,"boom_shocker",1900,NA,NA,24,"all_species","Z100",NA,NA,NA,NA,0.546806666666667,"miles",2,1,NA,60,NA,2,24,220,"DCP",NA,0.375,25,NA,NA,"not_entire_shore",NA,NA,NA,NA,64,"F",NA,NA,NA,43.05489,-89.42626,43.04975,-89.42941,84,"gps","HARPOLD WELKE",NA,NA,NA,NA
"dane","lake_wingra",805000,2011,122585,"10001210","lake wingra","LAKE",204025215,2011-09-21,2011-09-21,"data_entry_complete_and_proofed","cpe",NA,694896,2011-09-21,"boom_shocker",2000,NA,NA,54,"gamefish_species","Z95",NA,NA,NA,NA,1.5,"miles",2,1,NA,60,NA,2,24,220,"DCP",NA,0.375,25,NA,NA,"not_entire_shore",NA,NA,NA,NA,64,"F",NA,NA,NA,43.05091,-89.4258,43.0579,-89.4118,84,"gps","HARPOLD WELKE",NA,NA,NA,NA
"dane","lake_wingra",805000,2013,122585,"10001210","lake wingra","LAKE",367083289,2013-04-21,2013-05-01,"data_entry_complete_and_proofed","mpe",NA,707323,2013-04-22,"fyke_net",900,NA,NA,NA,"muskellunge","L03",NA,NA,8,24,NA,"miles",NA,NA,NA,NA,NA,NA,NA,NA,NA,NA,NA,NA,NA,"MARK",NA,NA,NA,NA,NA,44,"F",NA,NA,NA,NA,NA,NA,NA,NA,NA,"ROWE WELKE LOGAN",NA,NA,NA,NA
"dane","lake_wingra",805000,2013,122585,"10001210","lake wingra","LAKE",367083289,2013-04-21,2013-05-01,"data_entry_complete_and_proofed","mpe",NA,707327,2013-04-23,"fyke_net",900,NA,NA,NA,"muskellunge","L03",NA,NA,8,24,NA,"miles",NA,NA,NA,NA,NA,NA,NA,NA,NA,NA,NA,NA,NA,"MARK",NA,NA,NA,NA,NA,45,"F",NA,NA,NA,NA,NA,NA,NA,NA,NA,"WELKE ROWE LOGAN",NA,NA,NA,NA
"dane","lake_wingra",805000,2013,122585,"10001210","lake wingra","LAKE",367083289,2013-04-21,2013-05-01,"data_entry_complete_and_proofed","mpe",NA,707329,2013-04-24,"fyke_net",900,NA,NA,NA,"muskellunge","L03",NA,NA,8,24,NA,"miles",NA,NA,NA,NA,NA,NA,NA,NA,NA,NA,NA,NA,NA,"MARK",NA,NA,NA,NA,NA,44,"F",NA,NA,NA,NA,NA,NA,NA,NA,NA,"ROWE WELKE HANSEN",NA,NA,NA,NA
"dane","lake_wingra",805000,2013,122585,"10001210","lake wingra","LAKE",367083289,2013-04-21,2013-05-01,"data_entry_complete_and_proofed","mpe",NA,707331,2013-04-25,"fyke_net",900,NA,NA,NA,"muskellunge","L03",NA,NA,8,24,NA,"miles",NA,NA,NA,NA,NA,NA,NA,NA,NA,NA,NA,NA,NA,"MARK",NA,NA,NA,NA,NA,44,"F",NA,NA,NA,NA,NA,NA,NA,NA,NA,"WELKE LOGAN STEWART",NA,NA,NA,NA
"dane","lake_wingra",805000,2013,122585,"10001210","lake wingra","LAKE",367083289,2013-04-21,2013-05-01,"data_entry_complete_and_proofed","mpe",NA,707333,2013-04-26,"fyke_net",900,NA,NA,NA,"muskellunge","L03",NA,NA,8,24,NA,"miles",NA,NA,NA,NA,NA,NA,NA,NA,NA,NA,NA,NA,NA,"MARK",NA,NA,NA,NA,NA,48,"F",NA,NA,NA,NA,NA,NA,NA,NA,NA,"WELKE LOGAN CISCHOSZ",NA,NA,NA,NA
"dane","lake_wingra",805000,2013,122585,"10001210","lake wingra","LAKE",367083289,2013-04-21,2013-05-01,"data_entry_complete_and_proofed","mpe",NA,707352,2013-04-27,"fyke_net",1000,NA,NA,NA,"muskellunge","L03",NA,NA,8,24,NA,"miles",NA,NA,NA,NA,NA,NA,NA,NA,NA,NA,NA,NA,NA,"MARK",NA,NA,NA,NA,NA,50,"F",NA,NA,NA,NA,NA,NA,NA,NA,NA,"WELKE LOGAN HEIN",NA,NA,NA,NA
"dane","lake_wingra",805000,2013,122585,"10001210","lake wingra","LAKE",367083289,2013-04-21,2013-05-01,"data_entry_complete_and_proofed","mpe",NA,707360,2013-04-29,"fyke_net",900,NA,NA,NA,"muskellunge","L03",NA,NA,8,48,NA,"miles",NA,NA,NA,NA,NA,NA,NA,NA,NA,NA,NA,NA,NA,"MARK",NA,NA,NA,NA,NA,54,"F",NA,NA,NA,NA,NA,NA,NA,NA,NA,"WELKE RENNICKE LOGAN",NA,NA,NA,NA
"dane","lake_wingra",805000,2013,122585,"10001210","lake wingra","LAKE",367083289,2013-04-21,2013-05-01,"data_entry_complete_and_proofed","mpe",NA,707365,2013-04-30,"fyke_net",900,NA,NA,NA,"muskellunge","L03",NA,NA,8,24,NA,"miles",NA,NA,NA,NA,NA,NA,NA,NA,NA,NA,NA,NA,NA,"MARK",NA,NA,NA,NA,NA,56,"F",NA,NA,NA,NA,NA,NA,NA,NA,NA,"ROWE LOGAN RENNICKE",NA,NA,NA,NA
"dane","lake_wingra",805000,2013,122585,"10001210","lake wingra","LAKE",367083289,2013-04-21,2013-05-01,"data_entry_complete_and_proofed","mpe",NA,707381,2013-05-01,"fyke_net",900,NA,NA,NA,"muskellunge","L03",NA,NA,6,24,NA,"miles",NA,NA,NA,NA,NA,NA,NA,NA,NA,NA,NA,NA,NA,"MARK",NA,NA,NA,NA,NA,58,"F",NA,NA,NA,NA,NA,NA,NA,NA,NA,"RENNICKE LOGAN BOEHM",NA,NA,NA,NA
"dane","lake_wingra",805000,2013,122585,"10001210","lake wingra","LAKE",369643653,2013-05-07,2013-05-07,"data_entry_complete_and_proofed","cpe",NA,707416,2013-05-07,"boom_shocker",2030,30,NA,20,"panfish_gamefish","Z93",NA,NA,NA,NA,0.5,"miles",2,1,8,60,NA,2,15,90,"DCP",NA,0.375,25,NA,NA,"not_entire_shore",NA,"turbid",NA,NA,66,"F",NA,NA,NA,43.05489,-89.42626,NA,NA,84,"gps","WELKE RENNICKE LOGAN",NA,"panfish_1, winga park boat ramp to se corner","clear and calm","WEEDY AND SHALLOW"
"dane","lake_wingra",805000,2013,122585,"10001210","lake wingra","LAKE",369643653,2013-05-07,2013-05-07,"data_entry_complete_and_proofed","cpe",NA,707418,2013-05-07,"boom_shocker",2200,2350,NA,110,"gamefish_species","Z95",NA,NA,NA,NA,3,"miles",2,1,5,60,NA,2,15,125,"DCP",NA,0.375,25,NA,NA,"not_entire_shore",NA,"turbid",NA,NA,66,"F",NA,NA,NA,43.05024,-89.43057,NA,NA,84,"gps","WELKE RENNICKE LOGAN",NA,"gamefish_1, se corner counter clockwise to wingra park ramp",NA,NA
"dane","lake_wingra",805000,2013,122585,"10001210","lake wingra","LAKE",416336933,2013-10-10,2013-10-10,"data_entry_complete_and_proofed","cpe",NA,711502,2013-10-10,"boom_shocker",1850,1910,NA,20,"all_species","Z100",NA,NA,NA,NA,0.5,"miles",2,1,6,60,NA,2,16,170,"DCP",NA,0.375,25,NA,NA,"not_entire_shore",NA,"turbid",NA,NA,67,"F",NA,NA,NA,43.05489,-89.42626,43.04975,-89.42941,84,"gps","MICHAEL RENNICKE, TYLER LOGAN, GRETCHEN HANSEN",NA,"panfish, wingra park to se corner",NA,NA
"dane","lake_wingra",805000,2013,122585,"10001210","lake wingra","LAKE",416336933,2013-10-10,2013-10-10,"data_entry_complete_and_proofed","cpe",NA,711530,2013-10-10,"boom_shocker",2000,2200,NA,90,"gamefish_species","Z95",NA,NA,NA,NA,3,"miles",2,1,6,60,NA,2,16,170,"DCP",NA,0.375,25,NA,NA,"not_entire_shore",NA,"turbid",NA,NA,67,"F",NA,NA,NA,43.04975,-89.42941,43.05489,-89.42626,84,"gps","MICHAEL RENNICKE, TYLER LOGAN, GRETCHEN HANSEN",NA,"gamefish",NA,"DENSE WEEDS"
"dane","lake_wingra",805000,2014,122585,"10001210","lake wingra","LAKE",476161262,2014-05-15,2014-05-15,"data_entry_complete_and_proofed","cpe",NA,716047,2014-05-15,"boom_shocker",2028,2050,NA,22,"all_species","Z100",NA,NA,NA,NA,0.5,"miles",2,1,6,60,NA,2,19,160,"DCP",NA,0.375,25,NA,NA,"not_entire_shore",NA,"turbid",NA,NA,60,"F",NA,NA,NA,43.05489,-89.42626,43.04975,-89.42941,84,"garmin","DAVID ROWE, KURT WELKE, KIMBERLY KUBER",NA,"panfish #1",NA,NA
"dane","lake_wingra",805000,2014,122585,"10001210","lake wingra","LAKE",476161262,2014-05-15,2014-05-15,"data_entry_complete_and_proofed","cpe",NA,716048,2014-05-15,"boom_shocker",2109,2250,NA,101,"gamefish_species","Z95",NA,NA,NA,NA,3,"miles",2,1,6,60,NA,2,17,155,"DCP",NA,0.375,25,NA,NA,"not_entire_shore",NA,"turbid",NA,NA,59,"F",NA,NA,NA,43.04975,-89.42941,43.05489,-89.42626,84,"garmin","DAVID ROWE, KURT WELKE, KIMBERLY KUBER",NA,"gamefish #1",NA,"COLD EAST WIND"
"dane","lake_wingra",805000,2014,122585,"10001210","lake wingra","LAKE",494758816,2014-04-11,2014-04-15,"data_entry_complete_and_proofed","mpe",NA,717846,2014-04-12,"fyke_net",1150,NA,NA,NA,"muskellunge","L03",NA,NA,4,24,NA,"miles",NA,NA,NA,NA,NA,NA,NA,NA,NA,NA,NA,NA,1,"RECAPTURE",NA,NA,NA,NA,NA,50,"F",NA,NA,NA,NA,NA,NA,NA,NA,NA,"DAVID ROWE, KURT WELKE",NA,NA,NA,NA
"dane","lake_wingra",805000,2014,122585,"10001210","lake wingra","LAKE",494758816,2014-04-11,2014-04-15,"data_entry_complete_and_proofed","mpe",NA,717847,2014-04-13,"fyke_net",1230,NA,NA,NA,"muskellunge","L03",NA,NA,4,24,NA,"miles",NA,NA,NA,NA,NA,NA,NA,NA,NA,NA,NA,NA,2,"RECAPTURE",NA,NA,NA,NA,NA,51,"F",NA,NA,NA,NA,NA,NA,NA,NA,NA,"MICHAEL RENNICKE, KIMBERLY KUBER",NA,NA,NA,NA
"dane","lake_wingra",805000,2014,122585,"10001210","lake wingra","LAKE",494758816,2014-04-11,2014-04-15,"data_entry_complete_and_proofed","mpe",NA,717848,2014-04-14,"fyke_net",1000,NA,NA,NA,"muskellunge","L03",NA,NA,5,24,NA,"miles",NA,NA,NA,NA,NA,NA,NA,NA,NA,NA,NA,NA,3,"RECAPTURE",NA,NA,NA,NA,NA,48,"F",NA,NA,NA,NA,NA,NA,NA,NA,NA,"DAVID ROWE, KIMBERLY KUBER",NA,NA,NA,NA
"dane","lake_wingra",805000,2014,122585,"10001210","lake wingra","LAKE",494758816,2014-04-11,2014-04-15,"data_entry_complete_and_proofed","mpe",NA,717849,2014-04-15,"fyke_net",930,NA,NA,NA,"muskellunge","L03",NA,NA,5,24,NA,"miles",NA,NA,NA,NA,NA,NA,NA,NA,NA,NA,NA,NA,4,"RECAPTURE",NA,NA,NA,NA,NA,46,"F",NA,NA,NA,NA,NA,NA,NA,NA,NA,"DAVID ROWE, KIMBERLY KUBER",NA,NA,"cold front last night","SNOW"
"dane","lake_wingra",805000,2015,122585,"10001210","lake wingra","LAKE",515077840,2015-05-07,2015-05-12,"data_entry_complete_and_proofed","cpe",NA,726062,2015-05-07,"boom_shocker",2000,2023,NA,23,"all_species","Z100",NA,NA,NA,NA,0.5,"miles",2,1,5,60,NA,2,19,135,"DCP",NA,0.375,25,NA,NA,"not_entire_shore",NA,"very_turbid",NA,NA,63,"F",NA,NA,NA,43.0504,-89.4111,43.0572,-89.4089,84,"garmin","KURT WELKE, KIMBERLY KUBER, CAITLIN COLLIES",NA,"#4 panfish index",NA,"WSW WIND 17 MPH"
"dane","lake_wingra",805000,2015,122585,"10001210","lake wingra","LAKE",515077840,2015-05-07,2015-05-12,"data_entry_complete_and_proofed","cpe",NA,726063,2015-05-07,"boom_shocker",2053,2130,NA,37,"gamefish_species","Z95",NA,NA,NA,NA,0.5,"miles",2,1,5,60,NA,2,19,130,"DCP",NA,0.375,25,NA,NA,"not_entire_shore",NA,NA,NA,NA,63,"F",NA,NA,NA,43.0572,-89.4089,43.0579,-89.4126,84,"garmin","KURT WELKE, KIMBERLY KUBER, CAITLIN COLLIES",NA,"#5 gamefish random",NA,"PROHIBITIVE WIND"
"dane","lake_wingra",805000,2015,122585,"10001210","lake wingra","LAKE",515077840,2015-05-07,2015-05-12,"data_entry_complete_and_proofed","cpe",NA,726064,2015-05-12,"boom_shocker",2021,NA,NA,15,"all_species","Z100",NA,NA,NA,NA,0.5,"miles",2,1,5,60,NA,2,16,135,"DCP",NA,0.375,25,NA,NA,"not_entire_shore",NA,NA,NA,NA,57.9,"F",NA,NA,NA,43.0579,-89.4126,43.0559,-89.4211,84,"garmin","KURT WELKE, MICHAEL RENNICKE, KIMBERLY KUBER",NA,"#6 panfish random",NA,NA
"dane","lake_wingra",805000,2015,122585,"10001210","lake wingra","LAKE",515077840,2015-05-07,2015-05-12,"data_entry_complete_and_proofed","cpe",NA,726065,2015-05-12,"boom_shocker",2112,2122,NA,10,"gamefish_species","Z95",NA,NA,NA,NA,0.28,"miles",2,1,5,60,NA,2,16.2,135,"DCP",NA,0.375,25,NA,NA,"not_entire_shore",NA,"clear",NA,NA,57.9,"F",NA,NA,NA,43.0559,-89.4211,43.05489,-89.42626,84,"garmin","KURT WELKE, MICHAEL RENNICKE, KIMBERLY KUBER",NA,"#7 gamefish random",NA,NA
"dane","lake_wingra",805000,2015,122585,"10001210","lake wingra","LAKE",515077840,2015-05-07,2015-05-12,"data_entry_complete_and_proofed","cpe",NA,726066,2015-05-12,"boom_shocker",2134,2149,NA,15,"gamefish_species","Z95",NA,NA,NA,NA,0.5,"miles",2,1,5,60,NA,2,16,135,"DCP",NA,0.375,25,NA,NA,"not_entire_shore",NA,NA,NA,NA,57.9,"F",NA,NA,NA,43.05489,-89.42626,43.0502,-89.4294,84,"garmin","KURT WELKE, MICHAEL RENNICKE, KIMBERLY KUBER",NA,"#1 gamefish random",NA,NA
"dane","lake_wingra",805000,2015,122585,"10001210","lake wingra","LAKE",515077840,2015-05-07,2015-05-12,"data_entry_complete_and_proofed","cpe",NA,726067,2015-05-12,"boom_shocker",2200,NA,NA,15,"gamefish_species","Z95",NA,NA,NA,NA,0.5,"miles",2,1,5,60,NA,2,15,135,"DCP",NA,0.375,25,NA,NA,"not_entire_shore",NA,"clear",NA,NA,59.3,"F",NA,NA,NA,43.0502,-89.4294,43.0503,-89.4209,84,"garmin","KURT WELKE, MICHAEL RENNICKE, KIMBERLY KUBER",NA,"#2 gamefish random",NA,NA
"dane","lake_wingra",805000,2015,122585,"10001210","lake wingra","LAKE",515077840,2015-05-07,2015-05-12,"data_entry_complete_and_proofed","cpe",NA,726068,2015-05-12,"boom_shocker",2220,2246,NA,26,"gamefish_species","Z95",NA,NA,NA,NA,0.5,"miles",2,1,5,60,NA,2,13,110,"DCP",NA,0.375,25,NA,NA,"not_entire_shore",NA,"clear",NA,NA,56.4,"F",NA,NA,NA,43.0503,-89.4209,43.0504,-89.4111,84,"garmin","KURT WELKE, MICHAEL RENNICKE, KIMBERLY KUBER",NA,"#3 gamefish random",NA,NA
"dane","lake_wingra",805000,2016,122585,"10001210","lake wingra","LAKE",515081362,2016-05-12,2016-05-12,"data_entry_complete_and_proofed","cpe",NA,735830,2016-05-12,"boom_shocker",2215,NA,NA,41,"gamefish_species","Z95",NA,NA,NA,NA,1.25,"miles",2,1,8,60,NA,2,20,130,"DCP",NA,0.375,25,NA,NA,"not_entire_shore",NA,NA,NA,NA,63,"F",NA,NA,NA,43.0572,-89.4089,43.05489,-89.42626,84,"garmin","KURT WELKE, MICHAEL RENNICKE, KIMBERLY KUBER",NA,"#5,6,7- gamefish",NA,NA
"dane","lake_wingra",805000,2016,122585,"10001210","lake wingra","LAKE",515081362,2016-05-12,2016-05-12,"data_entry_complete_and_proofed","cpe",NA,735831,2016-05-12,"boom_shocker",2145,NA,NA,15,"all_species","Z100",NA,NA,NA,NA,0.5,"miles",2,1,8,60,NA,2,23,140,"DCP",NA,0.375,25,NA,NA,"not_entire_shore",NA,"clear",NA,NA,63,"F",NA,NA,NA,43.0504,-89.4111,43.0572,-89.4089,84,"garmin","KURT WELKE, MICHAEL RENNICKE, KIMBERLYKUBER",NA,"#4 panfish",NA,NA
"dane","lake_wingra",805000,2016,122585,"10001210","lake wingra","LAKE",515081362,2016-05-12,2016-05-12,"data_entry_complete_and_proofed","cpe",NA,735832,2016-05-12,"boom_shocker",2115,2130,NA,15,"gamefish_species","Z95",NA,NA,NA,NA,0.5,"miles",2,1,8,60,NA,2,24,150,"DCP",NA,0.375,25,NA,NA,"not_entire_shore",NA,NA,NA,NA,63,"F",NA,NA,NA,43.0503,-89.4209,43.0504,-89.4111,84,"garmin","KURT WELKE, MICHAEL RENNICKE, KIMBERLY KUBER",NA,"#3 gamefish",NA,NA
"dane","lake_wingra",805000,2016,122585,"10001210","lake wingra","LAKE",515081362,2016-05-12,2016-05-12,"data_entry_complete_and_proofed","cpe",NA,735833,2016-05-12,"boom_shocker",2020,2035,NA,15,"all_species","Z100",NA,NA,NA,NA,0.5,"miles",2,1,8,60,NA,2,22,130,"DCP",NA,0.375,25,NA,NA,"not_entire_shore",NA,"clear",NA,NA,61,"F",NA,NA,NA,43.0502,-89.4294,43.0503,-89.4209,84,"garmin","KURT WELKE, MICHAEL RENNICKE, KIMBERLY KUBER",NA,"#2 panfish",NA,NA
"dane","lake_wingra",805000,2016,122585,"10001210","lake wingra","LAKE",515081362,2016-05-12,2016-05-12,"data_entry_complete_and_proofed","cpe",NA,735853,2016-05-12,"boom_shocker",2000,2015,NA,15,"gamefish_species","Z95",NA,NA,NA,NA,0.5,"miles",2,1,8,60,NA,2,19,130,"DCP",NA,0.375,25,NA,NA,"not_entire_shore",NA,NA,NA,NA,63,"F",NA,NA,NA,43.05489,-89.42626,43.0502,-89.4294,84,"garmin","KURT WELKE, MICHAEL RENNICKE, KIMBERLY KUBER",NA,"#1",NA,NA
"dane","lake_wingra",805000,2016,122585,"10001210","lake wingra","LAKE",515084076,2016-07-06,2016-07-06,"data_entry_complete_and_proofed","cpe",NA,743307,2016-07-06,"boom_shocker",800,NA,NA,240,"bluegill","W09",NA,NA,NA,NA,NA,"miles",2,1,NA,60,NA,2,20,150,"DCP",NA,0.375,25,NA,NA,"not_entire_shore",NA,NA,NA,NA,78,"F",NA,NA,NA,NA,NA,NA,NA,NA,NA,"DAN OELE",NA,NA,NA,NA
"dane","lake_wingra",805000,2017,122585,"10001210","lake wingra","LAKE",515084100,2017-05-03,2017-05-03,"data_entry_complete_and_proofed","cpe",NA,743445,2017-05-03,"boom_shocker",2010,2030,NA,20,"gamefish_species","Z95",NA,NA,NA,NA,0.5,"miles",2,1,6,65,NA,2,20,100,"DCP",NA,0.125,22,NA,NA,"entire_shore",NA,NA,NA,NA,57.3,"F",NA,NA,NA,43.05489,-89.42626,43.0502,-89.4294,84,"gps","DAVE ROWE, DAN OELE, KIMBERLY KUBER",NA,"station 1-gamefish random",NA,NA
"dane","lake_wingra",805000,2017,122585,"10001210","lake wingra","LAKE",515084100,2017-05-03,2017-05-03,"data_entry_complete_and_proofed","cpe",NA,743446,2017-05-03,"boom_shocker",2041,2059,NA,18,"all_species","Z100",NA,NA,NA,NA,0.5,"miles",2,1,NA,65,NA,2,20,120,"DCP",NA,0.125,22,NA,NA,"entire_shore",NA,NA,NA,NA,55,"F",NA,NA,NA,43.0502,-89.4294,43.0503,-89.4209,84,"gps","DAVE ROWE, DAN OELE, KIMBERLY KUBER",NA,"station 2-random panfish",NA,NA
"dane","lake_wingra",805000,2017,122585,"10001210","lake wingra","LAKE",515084100,2017-05-03,2017-05-03,"data_entry_complete_and_proofed","cpe",NA,743447,2017-05-03,"boom_shocker",2133,2150,NA,17,"gamefish_species","Z95",NA,NA,NA,NA,0.5,"miles",2,1,NA,65,NA,2,22,140,"DCP",NA,0.125,22,NA,NA,"entire_shore",NA,NA,NA,NA,53.5,"F",NA,NA,NA,43.0503,-89.4209,43.0504,-89.4111,84,"garmin","DAVE ROWE, DAN OELE, KIMBERLY KUBER",NA,"station 3-random gamefish",NA,NA
"dane","lake_wingra",805000,2017,122585,"10001210","lake wingra","LAKE",515084100,2017-05-03,2017-05-03,"data_entry_complete_and_proofed","cpe",NA,743448,2017-05-03,"boom_shocker",2320,14,NA,54,"gamefish_species","Z95",NA,NA,NA,NA,1.28,"miles",2,1,NA,65,NA,2,20,130,"DCP",NA,0.125,22,NA,NA,"entire_shore",NA,NA,NA,NA,56,"F",NA,NA,NA,43.0572,-89.4089,43.05489,-89.42626,84,"gps","DAVE ROWE, DAN OELE, KIMBERLY KUBER",NA,"stations 5, 6, & 7 gamefish random",NA,"HIGH CONDUCTIVITY"
"dane","lake_wingra",805000,2017,122585,"10001210","lake wingra","LAKE",515084100,2017-05-03,2017-05-03,"data_entry_complete_and_proofed","cpe",NA,743962,2017-05-03,"boom_shocker",2214,2232,NA,18,"all_species","Z100",NA,NA,NA,NA,0.5,"miles",2,1,6,67,NA,2,20,120,"DCP",NA,0.375,22,NA,NA,"entire_shore",NA,NA,NA,NA,54.2,"F",NA,NA,NA,43.0504,-89.4111,43.0572,-89.4089,84,"garmin","DAVE ROWE, DAN OELE, KIMBERLY KUBER",NA,"station 4 panfish index",NA,NA
"dane","lake_wingra",805000,2018,122585,"10001210","lake wingra","LAKE",515086475,2018-03-26,2018-04-13,"data_entry_complete_and_proofed","spe",NA,752196,2018-03-26,"fyke_net",930,NA,NA,NA,"northern_pike","L02","all_species","Z100",9,24,NA,"miles",NA,NA,NA,NA,NA,NA,NA,NA,NA,NA,NA,NA,NA,"BOTH","not_entire_shore",NA,"stained",NA,"normal",39,"F",NA,NA,NA,NA,NA,NA,NA,NA,NA,"oele",NA,NA,"clear, sunny, 40f outside",NA
"dane","lake_wingra",805000,2018,122585,"10001210","lake wingra","LAKE",515086475,2018-03-26,2018-04-13,"data_entry_complete_and_proofed","spe",NA,752197,2018-03-27,"fyke_net",830,1630,NA,NA,"northern_pike","L02","all_species","Z100",9,24,NA,"miles",NA,NA,NA,NA,NA,NA,NA,NA,NA,NA,NA,NA,NA,"BOTH","not_entire_shore",NA,"clear",NA,"normal",42,"F",NA,NA,NA,NA,NA,NA,NA,NA,NA,"oele",NA,NA,"cloudy, cool, west wind, water temps varied 38-42 f","none"
"dane","lake_wingra",805000,2018,122585,"10001210","lake wingra","LAKE",515086475,2018-03-26,2018-04-13,"data_entry_complete_and_proofed","spe",NA,752198,2018-03-28,"fyke_net",830,NA,NA,NA,"muskellunge","L03","all_species","Z100",9,24,NA,"miles",NA,NA,NA,NA,NA,NA,NA,NA,NA,NA,NA,NA,NA,"BOTH","not_entire_shore",NA,"clear",NA,"normal",42,"F",NA,NA,NA,NA,NA,NA,NA,NA,NA,"oele",NA,NA,"sunny warm   h20 tempr41","hole in net 4  flag 6 low  catch"
"dane","lake_wingra",805000,2018,122585,"10001210","lake wingra","LAKE",515086475,2018-03-26,2018-04-13,"data_entry_complete_and_proofed","spe",NA,752199,2018-03-29,"fyke_net",830,NA,NA,NA,"muskellunge","L03","all_species","Z100",9,24,NA,"miles",NA,NA,NA,NA,NA,NA,NA,NA,NA,NA,NA,NA,NA,"BOTH","not_entire_shore",NA,"stained",NA,"normal",34,"F",NA,NA,NA,NA,NA,NA,NA,NA,NA,"oele",NA,NA,"cloudy warm40foutside
h20 45f","net 4  adjusted location  rat holes  too shallow
net 2 moved a bit rat holes
adjusted net 1  low catch


a










"
"dane","lake_wingra",805000,2018,122585,"10001210","lake wingra","LAKE",515086475,2018-03-26,2018-04-13,"data_entry_complete_and_proofed","spe",NA,752200,2018-03-30,"fyke_net",830,NA,NA,NA,"muskellunge","L03","all_species","Z100",10,24,NA,"miles",NA,NA,NA,NA,NA,NA,NA,NA,NA,NA,NA,NA,NA,"BOTH","not_entire_shore",NA,"turbid",NA,"normal",34,"F",NA,NA,NA,NA,NA,NA,NA,NA,NA,"oele",NA,NA,"45 f outside   warm   pleasant
h20 temps 42-44f",NA
"dane","lake_wingra",805000,2018,122585,"10001210","lake wingra","LAKE",515086475,2018-03-26,2018-04-13,"data_entry_complete_and_proofed","spe",NA,752201,2018-03-31,"fyke_net",830,NA,NA,NA,"muskellunge","L03","all_species","Z100",10,24,NA,"miles",NA,NA,NA,NA,NA,NA,NA,NA,NA,NA,NA,NA,NA,"BOTH","not_entire_shore",NA,"stained",NA,"normal",43,"F",NA,NA,NA,NA,NA,NA,NA,NA,NA,"oele",NA,NA,NA,"cold windy rain h2o temp 43 net 10 no catch lost anchor log jammed net"
"dane","lake_wingra",805000,2018,122585,"10001210","lake wingra","LAKE",515086475,2018-03-26,2018-04-13,"data_entry_complete_and_proofed","spe",NA,752202,2018-04-02,"fyke_net",830,NA,NA,NA,"muskellunge","L03","all_species","Z100",9,48,NA,"miles",NA,NA,NA,NA,NA,NA,NA,NA,NA,NA,NA,NA,NA,"BOTH","not_entire_shore",NA,"stained",NA,"normal",42,"F",NA,NA,NA,NA,NA,NA,NA,NA,NA,"oele",NA,NA,"sunny  cool  35f-42f air temps  calm 0-5 winds se","net 5 has major holes,low catch
net 3 packed with weeds, low catch"
"dane","lake_wingra",805000,2018,122585,"10001210","lake wingra","LAKE",515086475,2018-03-26,2018-04-13,"data_entry_complete_and_proofed","spe",NA,752203,2018-04-13,"fyke_net",900,NA,NA,NA,"muskellunge","L03",NA,NA,5,24,NA,"miles",NA,NA,NA,NA,NA,NA,NA,NA,NA,NA,NA,NA,NA,"BOTH","not_entire_shore",NA,NA,NA,NA,44,"F",NA,NA,NA,NA,NA,NA,NA,NA,NA,"rowed",NA,NA,NA,"no water temp recorded, 44 added as required filler"
"dane","lake_wingra",805000,2018,122585,"10001210","lake wingra","LAKE",515086485,2018-05-07,2018-05-07,"data_entry_complete_and_proofed","cpe",NA,752255,2018-05-07,"boom_shocker",2200,2236,NA,36,"all_species","Z100",NA,NA,NA,NA,1,"miles",2,1,6,70,NA,2,19,220,"DCP",NA,0.375,22.5,NA,NA,"not_entire_shore",NA,"turbid",NA,"normal",71,"F",NA,NA,NA,43.0504,-89.4111,43.0579,-89.41216,1,"gps","OELED",NA,"#4-5, panfish+gamefish,","transect 4 and 5 is gamefish and panfish, rest of lake is gamefish only pleasant calm good conditions conductivity is 835","TRANSECT 4 ONLY 1 BOOM HIGH CONDUCTIVITY FISH SHOCKED OK BUT BASS WERE DIFFICULT TO NET BLUEGILLS SHOCKED FINE SUSPECT TOO HIGH OF CONDUCTIVITY TO GET OPTIMAL RESULTS 4 ONLY 1BOOM 6 DROPPERS DATA IS STATION4 AND 5 20 AMPS 180 V"
"dane","lake_wingra",805000,2018,122585,"10001210","lake wingra","LAKE",515086485,2018-05-07,2018-05-07,"data_entry_complete_and_proofed","cpe",NA,752256,2018-05-07,"boom_shocker",0,115,NA,75,"gamefish_species","Z95",NA,NA,NA,NA,2.28,"miles",2,1,8,70,NA,2,20,200,"DCP",NA,0.375,22.5,NA,NA,"not_entire_shore",NA,"turbid",NA,"normal",68,"F",NA,NA,NA,NA,NA,NA,NA,1,"gps","MADFM",NA,"1-3, 6-7","nice, calm, good weather to shock, conductivity = 835","HIGH CONDUCTVITY,FISH SHOCKED OK, SUSPECT TOO HIGH OF CONDUCTIVITY TO GET OPTIMAL RESULTS"
"dane","lake_wingra",805000,2018,122585,"10001210","lake wingra","LAKE",515086500,2018-05-14,2018-05-15,"data_entry_complete_and_proofed","cpe",NA,752306,2018-05-14,"boom_shocker",2355,110,NA,15,"gamefish_species","Z95","gamefish_species","Z95",NA,NA,0.5,"miles",2,1,6,60,NA,2,28,180,"DCP",NA,0.375,25,NA,NA,"not_entire_shore",NA,"stained",NA,"normal",62,"F",NA,NA,NA,43.05489,-89.42626,43.0502,-89.4294,NA,NA,"oeled",NA,"#1, gamefish-random","cloudy, scattered rains","post rains, conductivity = 784"
"dane","lake_wingra",805000,2018,122585,"10001210","lake wingra","LAKE",515086500,2018-05-14,2018-05-15,"data_entry_complete_and_proofed","cpe",NA,752307,2018-05-14,"boom_shocker",2315,2330,NA,15,"gamefish_species","Z95","gamefish_species","Z95",NA,NA,0.5,"miles",2,1,6,60,NA,2,28,200,"DCP",NA,0.375,25,NA,NA,"not_entire_shore",NA,"stained",NA,"high",62,"F",NA,NA,NA,43.0502,-89.42494,43.0503,-8942090,NA,"gps","oeled",NA,"#2,gamefish-random","post rain, cloudy","post rains, conductivity = 784"
"dane","lake_wingra",805000,2018,122585,"10001210","lake wingra","LAKE",515086500,2018-05-14,2018-05-15,"data_entry_complete_and_proofed","cpe",NA,752308,2018-05-14,"boom_shocker",26,40,NA,14,"gamefish_species","Z95","gamefish_species","Z95",NA,NA,0.5,"miles",2,1,6,60,NA,2,28,180,"DCP",NA,0.375,25,NA,NA,"not_entire_shore",NA,"stained",NA,"high",63,"F",NA,NA,NA,43.0503,-89.4209,43.0504,-89.4111,NA,"gps","oeled",NA,"#3, gamefish-random",NA,"post rains, conductivity = 784"
"dane","lake_wingra",805000,2018,122585,"10001210","lake wingra","LAKE",515086500,2018-05-14,2018-05-15,"data_entry_complete_and_proofed","cpe",NA,752309,2018-05-14,"boom_shocker",2045,2101,NA,16,"panfish","Z97","all_species","Z100",NA,NA,0.5,"miles",2,1,6,60,NA,2,28,180,"DCP",NA,0.375,25,NA,NA,"not_entire_shore",NA,"clear",NA,"high",64,"F",NA,NA,NA,43.0504,-89.4111,43.0572,-89.4089,NA,"gps","oeled",NA,"#4, panfish-index",NA,"post rains, conductivity = 784"
"dane","lake_wingra",805000,2018,122585,"10001210","lake wingra","LAKE",515086500,2018-05-14,2018-05-15,"data_entry_complete_and_proofed","cpe",NA,752310,2018-05-14,"boom_shocker",2145,2200,NA,15,"panfish","Z97","all_species","Z100",NA,NA,0.5,"miles",2,1,6,60,NA,2,26,160,"DCP",NA,0.375,25,NA,NA,"not_entire_shore",NA,"clear",NA,"high",63,"F",NA,NA,NA,43.0572,-89.4089,43.0579,-89.4126,NA,"gps","oeled",NA,"#5, panfish-random",NA,"post heavy rains, conductivity = 784"
"dane","lake_wingra",805000,2018,122585,"10001210","lake wingra","LAKE",515086500,2018-05-14,2018-05-15,"data_entry_complete_and_proofed","cpe",NA,752311,2018-05-14,"boom_shocker",2300,2315,NA,15,"gamefish_species","Z95","gamefish_species","Z95",NA,NA,0.5,"miles",2,1,6,60,NA,2,28,200,"DCP",NA,0.375,25,NA,NA,"not_entire_shore",NA,NA,NA,NA,61,"F",NA,NA,NA,43.0579,-89.4126,43.0559,-89.4211,NA,"gps","oeled",NA,"#6, gamefish-random",NA,"post heavy rains, conductivity = 784"
"dane","lake_wingra",805000,2018,122585,"10001210","lake wingra","LAKE",515086500,2018-05-14,2018-05-15,"data_entry_complete_and_proofed","cpe",NA,752312,2018-05-14,"boom_shocker",2300,2315,NA,15,"gamefish_species","Z95","gamefish_species","Z95",NA,NA,0.28,"miles",2,1,6,60,NA,2,28,200,"DCP",NA,0.375,25,NA,NA,"not_entire_shore",NA,"stained",NA,"high",61,"F",NA,NA,NA,43.0559,-89.4211,43.05489,-89.42626,NA,"gps","oeled",NA,"#7, gamefish-random",NA,"post rains, conductivity = 784"
"dane","lake_wingra",805000,2019,122585,"10001210","lake wingra","LAKE",515089222,2019-04-01,2019-04-09,"data_entry_complete_and_proofed","spe",NA,761090,2019-04-08,"fyke_net",900,NA,NA,NA,"muskellunge","L03",NA,NA,7,48,NA,"miles",NA,NA,NA,NA,NA,NA,NA,NA,NA,NA,NA,NA,1,"RECAPTURE","not_entire_shore",NA,NA,NA,NA,51,"F",NA,NA,NA,NA,NA,NA,NA,NA,NA,"MADFM",NA,NA,NA,NA
"dane","lake_wingra",805000,2019,122585,"10001210","lake wingra","LAKE",515089222,2019-04-01,2019-04-09,"data_entry_complete_and_proofed","spe",NA,761091,2019-04-02,"fyke_net",900,NA,NA,NA,"muskellunge","L03",NA,NA,6,24,NA,"miles",NA,NA,NA,NA,NA,NA,NA,NA,NA,NA,NA,NA,1,"RECAPTURE","not_entire_shore",NA,"turbid",NA,"normal",46,"F",NA,NA,NA,NA,NA,NA,NA,NA,NA,"OELED",NA,NA,NA,NA
"dane","lake_wingra",805000,2019,122585,"10001210","lake wingra","LAKE",515089222,2019-04-01,2019-04-09,"data_entry_complete_and_proofed","spe",NA,761092,2019-04-03,"fyke_net",900,NA,NA,NA,"muskellunge","L03",NA,NA,6,24,NA,"miles",NA,NA,NA,NA,NA,NA,NA,NA,NA,NA,NA,NA,1,"RECAPTURE","not_entire_shore",NA,NA,NA,NA,46,"F",NA,NA,NA,NA,NA,NA,NA,NA,NA,"OELED",NA,NA,NA,NA
"dane","lake_wingra",805000,2019,122585,"10001210","lake wingra","LAKE",515089222,2019-04-01,2019-04-09,"data_entry_complete_and_proofed","spe",NA,761093,2019-04-04,"fyke_net",900,NA,NA,NA,"muskellunge","L03",NA,NA,8,24,NA,"miles",NA,NA,NA,NA,NA,NA,NA,NA,NA,NA,NA,NA,1,"RECAPTURE","not_entire_shore",NA,NA,NA,NA,45,"F",NA,NA,NA,NA,NA,NA,NA,NA,NA,"OELED",NA,NA,NA,NA
"dane","lake_wingra",805000,2019,122585,"10001210","lake wingra","LAKE",515089222,2019-04-01,2019-04-09,"data_entry_complete_and_proofed","spe",NA,761094,2019-04-05,"fyke_net",900,NA,NA,NA,"muskellunge","L03",NA,NA,7,24,NA,"miles",NA,NA,NA,NA,NA,NA,NA,NA,NA,NA,NA,NA,1,"RECAPTURE","not_entire_shore",NA,NA,NA,NA,45,"F",NA,NA,NA,NA,NA,NA,NA,NA,NA,"OELED",NA,NA,NA,NA
"dane","lake_wingra",805000,2019,122585,"10001210","lake wingra","LAKE",515089222,2019-04-01,2019-04-09,"data_entry_complete_and_proofed","spe",NA,761095,2019-04-06,"fyke_net",900,NA,NA,NA,"muskellunge","L03",NA,NA,8,24,NA,"miles",NA,NA,NA,NA,NA,NA,NA,NA,NA,NA,NA,NA,1,"RECAPTURE","not_entire_shore",NA,NA,NA,NA,47,"F",NA,NA,NA,NA,NA,NA,NA,NA,NA,"MADFM",NA,NA,NA,NA
"dane","lake_wingra",805000,2019,122585,"10001210","lake wingra","LAKE",515089222,2019-04-01,2019-04-09,"data_entry_complete_and_proofed","spe",NA,761096,2019-04-09,"fyke_net",900,NA,NA,NA,"muskellunge","L03",NA,NA,8,24,NA,"miles",NA,NA,NA,NA,NA,NA,NA,NA,NA,NA,NA,NA,1,"RECAPTURE","not_entire_shore",NA,NA,NA,NA,56,"F",NA,NA,NA,NA,NA,NA,NA,NA,NA,"MADFM",NA,NA,NA,NA
"dane","lake_wingra",805000,2019,122585,"10001210","lake wingra","LAKE",515089287,2019-05-07,2019-05-07,"data_entry_complete_and_proofed","cpe",NA,761347,2019-05-07,"boom_shocker",2107,2142,NA,35,"all_species","Z100","panfish_gamefish","Z93",NA,NA,1,"miles",2,1,6,76,NA,2,20,120,"DCP",NA,0.375,25,NA,NA,"not_entire_shore",NA,"turbid",NA,"normal",59,"F",NA,NA,NA,43.0503,-89.4209,43.0504,-89.4111,84,"gps","rowe/notbohm/bentz",NA,"3 & 4 panfish","spc 697","east wind high cond"
"dane","lake_wingra",805000,2019,122585,"10001210","lake wingra","LAKE",515089287,2019-05-07,2019-05-07,"data_entry_complete_and_proofed","cpe",NA,761348,2019-05-07,"boom_shocker",2027,2320,NA,81,"gamefish_species","Z95",NA,NA,NA,NA,2.28,"miles",2,1,6,73,NA,2,20,110,"DCP",NA,0.375,25,NA,NA,"not_entire_shore",NA,"turbid",NA,"normal",61,"F",NA,NA,NA,43.05489,-89.42626,43.0559,-89.4211,84,"gps","rowe/notbohm/bentz",NA,"1, 2, 5, 6, 7 gamefish","spc 697","pizza ranch"
"dane","lake_wingra",805000,1978,122585,"10001210","lake wingra","LAKE",515092552,1978-09-13,1978-09-13,"data_entry_complete_and_proofed","cpe",NA,771565,1978-09-13,"seine",1000,NA,NA,NA,"all_species","Z100",NA,NA,NA,NA,NA,"miles",NA,NA,NA,NA,NA,NA,NA,NA,NA,NA,NA,NA,NA,NA,NA,NA,NA,NA,NA,74,"F",NA,NA,NA,NA,NA,NA,NA,NA,NA,"MADAFM",NA,NA,NA,NA
"dane","lake_wingra",805000,1994,122585,"10001210","lake wingra","LAKE",515092563,1994-10-20,1994-10-20,"data_entry_complete_and_proofed","cpe",NA,771657,1994-10-20,"boom_shocker",1915,NA,NA,108,"gamefish_species","Z95",NA,NA,NA,NA,3,"miles",2,NA,NA,60,NA,NA,22,280,"DCP",NA,0.75,25,NA,NA,"not_entire_shore",NA,NA,NA,NA,58,"F",NA,NA,NA,NA,NA,NA,NA,NA,NA,"GG",NA,"gamefish run",NA,NA
"dane","lake_wingra",805000,1994,122585,"10001210","lake wingra","LAKE",515092563,1994-10-20,1994-10-20,"data_entry_complete_and_proofed","cpe",NA,771658,1994-10-20,"boom_shocker",1915,NA,NA,8,"panfish","Z97","largemouth_bass","W12",NA,NA,0.22,"miles",2,NA,NA,60,NA,NA,22,280,"DCP",NA,0.75,25,NA,NA,"not_entire_shore",NA,NA,NA,NA,58,"F",NA,NA,NA,NA,NA,NA,NA,NA,NA,"GG",NA,"panfish run",NA,NA
"dane","lake_wingra",805000,1970,122585,"10001210","lake wingra","LAKE",515092565,1970-07-29,1970-07-29,"data_entry_complete_and_proofed","cpe",NA,771661,1970-07-29,"boom_shocker",1000,NA,NA,999,"all_species","Z100",NA,NA,NA,NA,NA,"miles",NA,NA,NA,NA,NA,NA,NA,NA,"DC",NA,NA,NA,NA,NA,"not_entire_shore",NA,NA,NA,NA,NA,NA,NA,NA,NA,NA,NA,NA,NA,NA,NA,"MADAFM",NA,NA,NA,NA
"dane","lake_wingra",805000,1993,122585,"10001210","lake wingra","LAKE",515092566,1993-10-27,1993-10-27,"data_entry_complete_and_proofed","cpe",NA,771662,1993-10-27,"boom_shocker",1930,NA,NA,15,"panfish_gamefish","Z93",NA,NA,NA,NA,0.36,"miles",2,NA,NA,60,NA,NA,NA,NA,"DCP",NA,NA,25,NA,NA,"not_entire_shore",NA,NA,NA,NA,45,"F",NA,NA,NA,NA,NA,NA,NA,NA,NA,"MV, RS, GG ,DS",NA,"panfish run",NA,NA
"dane","lake_wingra",805000,1993,122585,"10001210","lake wingra","LAKE",515092566,1993-10-27,1993-10-27,"data_entry_complete_and_proofed","cpe",NA,771663,1993-10-27,"boom_shocker",2003,NA,NA,132,"gamefish_species","Z95",NA,NA,NA,NA,3,"miles",2,NA,NA,60,NA,NA,NA,NA,"DCP",NA,NA,25,NA,NA,"not_entire_shore",NA,NA,NA,NA,45,"F",NA,NA,NA,NA,NA,NA,NA,NA,NA,"RS, MV, DS, GG",NA,"gamefish run",NA,NA
"dane","lake_wingra",805000,2000,122585,"10001210","lake wingra","LAKE",515092636,2000-09-28,2000-09-28,"data_entry_complete_and_proofed","cpe",NA,771804,2000-09-28,"boom_shocker",1913,NA,NA,15,"panfish_gamefish","Z93",NA,NA,NA,NA,0.3,"miles",2,NA,NA,60,NA,NA,19,350,"DCP",NA,NA,20,NA,NA,"not_entire_shore",NA,NA,NA,NA,59.2,"F",NA,NA,NA,NA,NA,NA,NA,NA,NA,"RS, JH, KW, DB",NA,"panfish & gamefish",NA,NA
"dane","lake_wingra",805000,2000,122585,"10001210","lake wingra","LAKE",515092636,2000-09-28,2000-09-28,"data_entry_complete_and_proofed","cpe",NA,771805,2000-09-28,"boom_shocker",1928,NA,NA,105,"gamefish_species","Z95",NA,NA,NA,NA,3.2,"miles",2,NA,NA,60,NA,NA,19,350,"DCP",NA,NA,20,NA,NA,"not_entire_shore",NA,NA,NA,NA,59.2,"F",NA,NA,NA,NA,NA,NA,NA,NA,NA,"RS, KW, JH, DB",NA,"gamefish",NA,NA
"dane","lake_wingra",805000,1996,122585,"10001210","lake wingra","LAKE",515094127,1996-05-23,1996-05-23,"data_entry_complete_and_proofed","cpe",NA,777021,1996-05-23,"boom_shocker",2058,NA,NA,15,"panfish","Z97",NA,NA,NA,NA,0.5,"miles",2,NA,NA,80,NA,NA,22,280,"DCP",NA,1,40,NA,NA,"not_entire_shore",NA,"very_turbid",NA,NA,62,"F",NA,NA,NA,NA,NA,NA,NA,NA,NA,"RS SH MV GG",NA,"panfish",NA,NA
"dane","lake_wingra",805000,1996,122585,"10001210","lake wingra","LAKE",515094127,1996-05-23,1996-05-23,"data_entry_complete_and_proofed","cpe",NA,777022,1996-05-23,"boom_shocker",2058,NA,NA,158,"gamefish_species","Z95",NA,NA,NA,NA,3.5,"miles",NA,NA,NA,80,NA,NA,22,280,"DCP",NA,NA,40,NA,NA,"not_entire_shore",NA,NA,NA,NA,62,"F",NA,NA,NA,NA,NA,NA,NA,NA,NA,"SH, RS, MV, GG",NA,"gamefish",NA,NA
"dane","lake_wingra",805000,1996,122585,"10001210","lake wingra","LAKE",515094129,1996-10-10,1996-10-10,"data_entry_complete_and_proofed","cpe",NA,777025,1996-10-10,"boom_shocker",1948,NA,NA,140,"gamefish_species","Z95",NA,NA,NA,NA,3.5,"miles",2,NA,NA,80,NA,NA,21,454,"DCP",NA,NA,25,NA,NA,"entire_shore",NA,NA,NA,NA,55,"F",NA,NA,NA,NA,NA,NA,NA,NA,NA,"SS, MV, TP, GG",NA,"gamefish",NA,NA
"dane","lake_wingra",805000,1996,122585,"10001210","lake wingra","LAKE",515094129,1996-10-10,1996-10-10,"data_entry_complete_and_proofed","cpe",NA,777026,1996-10-10,"boom_shocker",1948,NA,NA,15,"panfish","Z97",NA,NA,NA,NA,0.38,"miles",NA,NA,NA,80,NA,NA,21,454,"DCP",NA,NA,25,NA,NA,"not_entire_shore",NA,NA,NA,NA,55,"F",NA,NA,NA,NA,NA,NA,NA,NA,NA,"SS, MV, TP, GG",NA,"gamefish",NA,NA
"dane","lake_wingra",805000,2021,122585,"10001210","lake wingra","LAKE",515094610,2021-05-06,2021-05-06,"data_entry_complete_and_proofed","cpe",NA,778990,2021-05-06,"boom_shocker",2220,NA,NA,70,"gamefish_species","Z95",NA,NA,NA,NA,2.4,"miles",2,1,NA,80,NA,2,20,110,"DCP",NA,0.5,25,NA,NA,"not_entire_shore",NA,NA,NA,NA,62,"F",NA,NA,NA,NA,NA,NA,NA,NA,NA,"MADAFM",NA,"restoflakegamecheckdistance",NA,NA
"dane","lake_wingra",805000,2021,122585,"10001210","lake wingra","LAKE",515094610,2021-05-06,2021-05-06,"data_entry_complete_and_proofed","cpe",NA,778991,2021-05-06,"boom_shocker",2030,NA,NA,15,"all_species","Z100",NA,NA,NA,NA,0.5,"miles",2,1,NA,80,NA,2,20,110,"DCP",NA,0.5,25,NA,NA,"not_entire_shore",NA,NA,NA,NA,63,"F",NA,NA,NA,NA,NA,NA,NA,NA,NA,"MADAFM",NA,"catchall/panfish4",NA,NA
"dane","lake_wingra",805000,2021,122585,"10001210","lake wingra","LAKE",515094610,2021-05-06,2021-05-06,"data_entry_complete_and_proofed","cpe",NA,778992,2021-05-06,"boom_shocker",2140,NA,NA,14,"all_species","Z100",NA,NA,NA,NA,0.5,"miles",2,1,NA,80,NA,2,20,110,"DCP",NA,0.5,25,NA,NA,"not_entire_shore",NA,NA,NA,NA,62,"F",NA,NA,NA,NA,NA,NA,NA,NA,NA,"MADAFM",NA,"station5randompanfish",NA,NA
"dane","lake_wingra",805000,2022,122585,"10001210","lake wingra","LAKE",515096974,2022-05-17,2022-05-18,"data_entry_complete","cpe",NA,786879,2022-05-18,"boom_shocker",0,NA,NA,20,"all_species","Z100",NA,NA,NA,NA,0.28,"miles",2,1,NA,NA,NA,2,18,90,"DCP",NA,0.125,NA,NA,NA,"not_entire_shore",NA,NA,NA,NA,68,"F",NA,NA,NA,NA,NA,NA,NA,NA,NA,"madfm",NA,"station 7",NA,NA
"dane","lake_wingra",805000,2022,122585,"10001210","lake wingra","LAKE",515096974,2022-05-17,2022-05-18,"data_entry_complete","cpe",NA,786880,2022-05-17,"boom_shocker",2100,NA,NA,60,"all_species","Z100",NA,NA,NA,NA,1.5,"miles",2,1,NA,NA,NA,2,90,18,"DCP",NA,0.125,NA,NA,NA,"not_entire_shore",NA,"turbid",NA,"low",70,"F",NA,NA,NA,NA,NA,NA,NA,NA,NA,"madfm",NA,"station 1, 2, 3 gamefish",NA,NA
"dane","lake_wingra",805000,2022,122585,"10001210","lake wingra","LAKE",515096974,2022-05-17,2022-05-18,"data_entry_complete","cpe",NA,786881,2022-05-17,"boom_shocker",2215,NA,NA,20,"all_species","Z100",NA,NA,NA,NA,0.5,"miles",2,1,NA,NA,NA,2,18,90,"DCP",NA,0.125,NA,NA,NA,"not_entire_shore",NA,NA,NA,NA,71,"F",NA,NA,NA,NA,NA,NA,NA,NA,NA,"madfm",NA,"station 4 panfish catch all",NA,NA
"dane","lake_wingra",805000,2022,122585,"10001210","lake wingra","LAKE",515096974,2022-05-17,2022-05-18,"data_entry_complete","cpe",NA,786882,2022-05-17,"boom_shocker",2329,NA,NA,11,"all_species","Z100",NA,NA,NA,NA,0.5,"miles",2,1,NA,NA,NA,2,180,18,"DCP",NA,0.125,NA,NA,NA,"not_entire_shore",NA,NA,NA,NA,68,"F",NA,NA,NA,NA,NA,NA,NA,NA,NA,"madfm",NA,"station 5 gamefish",NA,NA
"dane","lake_wingra",805000,2022,122585,"10001210","lake wingra","LAKE",515096974,2022-05-17,2022-05-18,"data_entry_complete","cpe",NA,786883,2022-05-17,"boom_shocker",2340,NA,NA,20,"all_species","Z100",NA,NA,NA,NA,0.5,"miles",2,1,NA,NA,NA,2,18,180,"DCP",NA,0.125,NA,NA,NA,"not_entire_shore",NA,NA,NA,NA,68,"F",NA,NA,NA,NA,NA,NA,NA,NA,NA,"madfm",NA,"station 6  - panfish",NA,NA
